target_date,ago_0days,ago_1days,ago_2days,ago_3days,ago_4days,ago_5days,ago_6days,ago_7days,ago_8days,ago_9days,ago_10days,ago_11days,ago_12days,ago_13days,ago_14days,ago_15days,ago_16days,ago_17days,ago_18days,ago_19days,ago_20days,ago_21days,ago_22days,ago_23days,ago_24days,ago_25days,ago_26days,ago_27days,ago_28days,ago_29days,ago_30days,ago_31days,ago_32days,ago_33days,ago_34days,ago_35days,ago_36days,ago_37days,ago_38days,ago_39days,ago_40days,ago_41days,ago_42days,ago_43days,ago_44days,ago_45days,ago_46days,ago_47days,ago_48days,ago_49days,ago_50days,ago_51days,ago_52days,ago_53days,ago_54days,ago_55days,ago_56days,ago_57days,ago_58days,ago_59days,ago_60days,ago_61days,ago_62days,ago_63days,ago_64days,ago_65days,ago_66days,ago_67days,ago_68days,ago_69days,ago_70days,ago_71days,ago_72days,ago_73days,ago_74days,ago_75days,ago_76days,ago_77days,ago_78days,ago_79days,ago_80days,ago_81days,ago_82days,ago_83days,ago_84days,ago_85days,ago_86days,ago_87days,ago_88days,ago_89days,ago_90days
2023-10-01,61,61,61,62,61,61,61,57,55,54,53,50,49,48,47,47,46,46,46,46,46,46,44,43,43,42,39,37,36,35,34,33,32,30,29,29,29,29,29,28,28,28,27,24,24,24,23,23,22,22,21,21,20,19,19,19,19,19,19,19,17,16,16,16,15,15,15,14,14,14,14,14,14,13,13,12,12,12,12,12,12,12,12,12,12,12,12,12,12,12,12
2023-10-02,60,60,59,58,58,56,56,56,53,53,53,53,52,50,49,49,49,49,49,48,48,46,45,45,44,43,42,41,39,36,36,36,35,35,35,35,33,33,33,32,32,32,32,33,33,33,32,32,32,32,32,31,31,31,31,31,31,31,31,30,9,9,9,9,9,7,7,7,7,7,7,5,5,5,4,4,4,4,4,4,4,4,4,2,2,2,2,2,2,2,2
2023-10-03,47,47,47,47,47,47,45,45,45,40,40,40,40,39,39,38,38,36,35,34,33,33,31,30,29,28,27,27,27,27,25,25,25,25,25,25,25,25,25,25,19,19,19,19,19,19,19,16,16,16,15,15,13,13,13,13,13,13,12,12,12,11,11,11,10,10,10,10,10,10,10,10,9,9,9,9,9,9,9,9,9,9,9,7,7,7,7,7,7,7,7
2023-10-04,24,24,24,24,24,24,23,23,23,23,23,23,22,22,21,21,21,21,21,21,21,21,21,21,19,19,19,18,18,18,15,13,13,13,13,10,10,10,10,10,10,9,9,8,8,4,4,4,4,4,4,4,4,4,4,4,4,4,4,4,4,4,4,4,4,4,4,4,4,3,3,3,3,3,3,3,3,3,3,3,3,2,2,2,2,2,2,2,2,2,2
2023-10-05,39,39,39,39,39,39,39,39,39,39,39,38,37,35,35,34,34,34,34,34,29,28,28,28,28,28,28,27,27,27,27,27,26,26,26,25,24,24,24,23,23,22,22,22,22,22,21,21,21,19,19,19,18,18,18,18,18,18,18,18,18,18,18,18,18,18,18,18,18,18,18,18,18,18,18,16,15,15,10,10,10,10,9,9,9,9,9,9,9,8,8
2023-10-06,74,74,74,74,74,74,74,74,74,73,73,73,70,70,70,69,67,64,60,57,57,55,55,55,55,54,52,50,51,50,49,47,43,42,40,39,39,38,36,34,34,33,32,30,27,27,26,25,25,25,25,25,24,24,24,24,24,24,23,23,23,22,22,21,20,20,20,20,20,20,19,19,19,19,15,15,14,14,14,13,13,11,10,10,10,10,10,10,10,10,10
2023-10-07,161,159,155,150,150,148,149,149,149,149,148,148,145,135,133,131,131,131,128,128,125,123,120,118,118,117,114,113,111,105,100,99,95,90,88,87,86,85,84,81,80,80,77,77,77,77,77,77,77,75,75,69,69,69,67,67,67,64,64,63,63,63,63,62,62,62,62,62,62,62,62,61,61,61,61,60,57,57,57,56,55,55,56,56,55,55,55,55,55,55,49
2023-10-08,159,159,155,155,153,152,152,152,149,149,149,146,146,135,127,127,122,119,119,119,119,119,118,116,113,113,113,110,108,106,105,104,103,97,97,95,94,92,92,91,90,87,86,85,85,85,84,81,80,77,77,77,77,77,76,74,74,74,71,71,69,69,69,69,68,68,68,66,62,62,60,60,59,58,52,49,46,45,44,44,44,43,43,43,43,41,41,41,40,40,39
2023-10-09,66,66,66,68,68,68,68,68,67,66,63,63,63,63,63,62,62,62,61,61,57,57,56,54,53,53,52,52,52,51,49,49,44,44,42,41,41,41,41,39,39,29,29,29,29,29,28,27,26,26,27,27,27,27,26,25,24,24,24,23,23,22,22,20,20,17,17,17,17,16,16,16,15,15,15,14,14,14,14,14,14,14,14,14,14,14,14,13,13,13,13
2023-10-10,82,82,82,82,82,82,82,82,82,82,82,82,82,82,82,82,81,81,80,80,80,80,80,79,79,79,79,79,79,79,79,77,77,77,77,77,74,73,73,72,70,70,70,69,69,68,68,66,66,66,66,66,66,62,62,53,53,53,52,52,52,52,52,52,52,52,50,49,49,49,49,49,48,48,48,48,47,47,47,47,47,47,47,40,40,40,40,40,40,40,40
2023-10-11,60,60,60,60,60,60,60,59,59,59,59,58,58,58,58,58,58,56,56,55,55,54,53,52,51,51,50,50,49,48,48,46,46,46,46,45,45,43,42,42,41,38,34,34,34,34,34,34,31,31,31,31,27,27,27,27,27,26,26,26,26,26,24,24,24,23,23,23,23,23,23,23,23,22,22,22,22,22,22,22,22,22,22,22,22,22,22,22,22,22,22
2023-10-12,80,80,80,80,80,81,81,81,81,81,81,81,79,78,78,78,78,77,74,73,73,71,71,70,69,69,69,69,69,68,68,67,67,67,69,69,66,64,63,62,61,61,57,57,57,57,57,56,55,54,53,53,53,53,51,51,51,51,51,51,51,51,49,49,48,48,46,46,46,46,46,45,45,45,45,45,45,45,45,45,45,41,41,41,41,39,39,38,38,38,38
2023-10-13,100,100,99,100,100,100,100,101,101,100,100,99,99,96,95,95,94,94,93,91,91,89,88,85,84,83,82,82,82,80,74,69,66,62,59,60,58,58,54,53,53,52,51,51,51,51,51,50,47,45,44,43,42,42,42,41,41,41,41,41,39,38,36,35,34,34,34,31,30,30,30,30,29,27,26,26,25,23,22,22,22,21,21,21,21,21,21,21,21,21,21
2023-10-14,115,115,115,115,115,115,110,110,110,110,110,110,109,108,104,103,103,103,103,103,103,99,98,98,98,97,97,97,94,93,93,92,92,92,92,88,84,84,84,83,75,74,74,74,73,70,69,69,64,61,61,61,60,60,59,59,55,54,54,54,53,53,53,53,53,51,51,44,44,44,44,44,40,40,40,40,40,39,33,33,32,31,31,31,29,28,27,23,23,22,22
2023-10-15,112,112,112,111,111,111,111,109,109,109,109,108,107,106,105,104,104,104,104,103,101,100,100,99,99,98,96,96,95,95,95,91,87,85,85,86,84,83,82,81,78,77,74,73,73,72,72,68,66,66,65,65,64,63,63,63,63,62,63,63,63,61,60,60,59,59,59,55,54,54,54,54,50,50,49,49,48,48,47,44,44,44,44,43,43,43,43,43,41,41,41
2023-10-16,60,60,58,58,57,57,57,57,57,57,57,57,56,56,56,56,56,55,55,54,54,53,52,52,52,51,50,49,49,49,49,49,47,47,47,46,45,44,44,44,44,44,44,41,41,41,41,41,39,39,39,38,38,37,36,36,36,35,35,35,34,33,33,32,32,28,27,26,26,25,25,24,24,22,22,22,22,22,22,22,22,22,22,22,22,22,22,23,23,22,22
2023-10-17,47,47,47,46,46,46,46,46,46,46,46,46,46,46,46,46,46,46,46,46,46,46,46,43,43,43,43,43,42,42,42,42,41,40,39,38,36,36,36,36,36,35,35,34,34,33,33,33,33,33,33,33,32,32,32,31,31,30,29,28,28,28,28,28,28,28,28,28,28,28,28,28,28,28,27,23,23,23,23,23,23,23,23,23,23,23,23,23,23,23,23
2023-10-18,56,56,56,56,56,56,56,56,56,56,55,55,55,55,55,55,55,55,55,55,55,55,55,55,55,55,55,55,53,53,53,53,50,50,50,50,49,49,46,45,45,43,31,31,30,30,30,29,28,27,27,27,27,27,26,26,26,26,26,26,26,26,25,25,25,25,25,25,25,24,24,24,24,24,24,24,24,23,23,22,22,22,22,22,22,22,22,22,22,22,22
2023-10-19,99,99,99,99,99,99,99,99,99,99,99,98,97,97,97,95,95,95,94,94,94,94,94,94,94,93,91,91,90,89,89,89,89,89,89,89,89,89,89,88,85,85,85,83,81,81,80,80,79,79,79,79,79,79,79,79,78,78,77,77,77,75,75,74,74,73,72,72,72,72,72,72,72,72,72,72,71,65,65,64,64,64,64,64,64,64,64,64,64,64,64
2023-10-20,128,128,128,128,128,131,131,131,131,131,132,132,132,132,132,127,127,127,127,126,125,124,124,123,122,122,120,119,117,117,114,111,111,110,107,107,105,104,104,103,100,95,92,92,90,85,81,78,78,78,77,75,72,72,71,71,69,69,69,69,69,69,67,64,63,62,61,61,61,59,59,58,52,53,53,52,52,50,49,48,48,48,47,47,47,47,47,47,47,47,47
2023-10-21,139,139,139,139,137,137,136,132,130,128,122,122,119,118,118,116,113,113,113,113,110,109,109,107,104,103,103,102,98,95,94,93,92,92,92,91,91,90,89,88,87,87,85,83,83,82,74,72,72,72,71,70,68,68,68,66,66,64,62,62,62,62,62,60,57,57,57,56,56,47,47,47,47,46,46,46,46,46,45,44,44,44,44,42,42,42,42,42,42,35,35
2023-10-22,125,125,125,125,125,123,122,122,120,119,101,97,97,96,96,96,96,96,95,93,93,91,91,89,89,89,89,89,90,88,87,87,85,82,80,80,80,80,77,74,74,70,69,66,66,66,64,57,56,56,54,53,53,53,53,52,51,51,49,45,42,40,40,40,36,33,33,31,31,30,28,28,29,28,22,22,22,22,22,19,19,18,18,18,18,18,17,16,16,16,16
2023-10-23,85,85,85,85,85,83,83,82,82,82,82,68,68,68,66,66,64,64,63,62,62,62,62,62,61,61,61,56,57,56,54,54,53,53,51,50,50,49,49,47,46,46,44,42,42,42,40,35,35,34,31,30,30,30,27,27,27,27,27,27,27,27,26,23,23,22,18,18,18,18,17,17,17,17,17,17,17,13,12,12,11,11,11,11,11,11,11,9,7,7,7
2023-10-24,86,83,81,80,80,77,77,77,73,71,69,69,66,64,63,62,62,59,59,58,57,56,56,55,55,55,55,55,55,55,54,54,54,51,49,49,49,47,47,46,44,44,44,44,44,43,42,40,40,40,38,38,38,36,34,34,34,34,34,33,33,31,31,31,31,31,30,30,30,30,30,30,30,30,30,30,30,30,30,29,29,29,29,29,29,29,29,29,29,29,29
2023-10-25,117,117,115,114,111,110,108,108,107,106,105,102,100,96,95,95,92,91,91,91,91,88,81,78,76,75,73,73,67,65,65,63,59,59,58,58,57,56,56,55,55,55,54,51,51,48,48,48,47,47,45,45,43,43,43,40,40,39,38,38,38,37,37,37,36,36,36,36,36,36,36,36,36,36,36,36,36,35,35,35,34,34,34,34,34,33,33,31,31,31,31
2023-10-26,92,92,92,90,89,86,84,82,79,79,77,75,75,72,72,70,70,70,70,70,68,67,65,65,63,63,62,61,62,62,61,60,60,60,56,55,55,55,54,52,52,52,50,50,50,49,48,48,48,48,48,47,45,44,44,42,40,38,37,34,33,33,32,32,32,32,32,32,30,30,30,30,30,30,30,28,28,27,27,27,27,27,27,25,25,25,24,24,24,23,23
2023-10-27,131,131,131,131,130,129,129,129,128,128,127,126,125,124,122,120,120,119,122,122,122,120,119,115,114,114,112,108,99,99,99,98,96,95,95,87,87,84,84,84,83,82,78,78,76,75,74,71,70,69,67,65,61,60,58,57,56,54,53,51,51,50,50,48,48,47,45,43,42,41,41,37,37,37,37,37,37,37,37,37,37,37,39,29,29,29,29,29,29,29,28
2023-10-28,186,186,183,182,183,184,182,182,180,180,179,176,176,171,169,166,163,162,161,157,156,156,155,153,152,152,151,142,140,140,139,134,133,128,125,124,123,121,116,116,114,112,112,112,111,111,111,110,110,110,109,100,97,97,96,95,92,90,88,88,88,88,86,85,84,78,78,78,78,78,78,78,78,72,69,68,68,68,67,67,65,65,59,59,58,55,52,52,52,52,52
2023-10-29,159,159,157,156,156,156,157,157,156,156,155,151,150,150,148,148,148,146,145,139,139,137,136,137,135,133,133,132,130,127,127,127,126,118,116,112,112,107,106,106,106,104,101,96,96,93,90,89,87,85,81,80,75,72,70,68,68,67,65,64,64,64,64,64,64,63,62,61,58,57,55,55,55,55,54,54,54,54,54,54,50,50,50,50,50,49,48,48,48,48,48
2023-10-30,96,96,94,93,90,90,89,85,85,85,82,79,79,78,74,72,72,72,72,68,66,65,65,63,61,61,61,61,61,60,58,57,56,55,55,53,52,52,51,51,51,51,51,50,50,50,42,41,40,37,37,37,35,35,34,33,32,32,32,30,29,29,31,30,30,30,30,29,28,28,28,28,27,25,25,25,25,24,24,24,24,23,23,23,23,23,21,21,21,20,19
2023-10-31,79,79,78,77,77,77,75,75,74,74,73,58,58,58,57,57,56,56,56,55,55,53,51,51,51,51,51,51,49,49,49,46,46,46,42,42,42,40,40,37,37,35,32,32,32,32,32,32,31,31,29,29,28,23,23,23,20,20,20,20,20,20,20,20,19,19,18,17,17,17,10,10,10,10,10,10,10,10,10,8,8,8,8,8,8,8,8,8,8,8,8
2023-11-01,77,77,75,74,73,70,70,70,70,69,69,68,66,66,66,66,63,63,62,59,57,56,54,54,52,52,47,45,44,43,43,43,43,43,42,41,41,41,41,41,26,26,26,24,24,24,24,22,22,21,21,20,19,19,19,17,17,17,17,17,17,17,17,15,15,15,15,15,15,15,15,15,12,11,11,11,11,11,11,11,11,11,11,11,11,11,11,10,10,10,10
2023-11-02,116,116,110,109,106,105,105,104,100,98,98,95,95,93,93,91,90,90,87,78,74,72,71,65,63,58,58,57,55,54,53,52,51,51,51,50,50,50,50,49,49,49,47,47,45,45,42,42,41,41,41,40,39,38,36,36,29,29,29,29,28,25,22,21,20,20,20,17,17,17,17,15,13,13,13,10,10,10,10,10,10,9,9,9,9,9,9,9,9,9,9
2023-11-03,214,214,213,214,211,214,214,214,214,215,214,212,210,209,208,208,207,205,195,193,186,182,180,178,176,174,172,171,170,166,165,164,163,162,157,157,155,155,152,147,143,140,138,138,137,136,132,124,123,120,120,119,113,112,110,110,110,107,105,102,100,98,98,97,96,96,96,96,96,96,93,93,93,93,92,91,90,87,85,84,84,84,80,80,80,80,80,80,79,78,78
2023-11-04,187,187,183,183,182,182,181,182,182,182,183,183,177,174,170,163,163,159,150,142,141,141,131,129,129,128,126,119,119,111,108,107,105,104,100,98,97,96,96,96,90,88,86,82,78,78,78,77,75,71,67,67,63,60,59,58,57,57,57,54,53,52,51,50,47,46,46,46,44,44,44,44,43,43,43,43,43,43,39,39,39,39,39,39,39,39,39,39,39,39,39
2023-11-05,114,114,114,114,113,113,112,109,111,111,111,111,107,104,99,90,90,89,87,84,81,79,76,74,74,71,69,69,68,67,67,66,65,62,62,61,59,58,58,58,58,58,58,58,58,58,57,57,57,56,56,56,53,49,45,45,40,40,40,40,39,38,37,32,32,31,31,30,30,30,30,29,29,29,28,27,25,25,25,24,24,23,23,23,23,23,23,21,21,21,21
2023-11-06,89,89,88,88,88,88,87,85,87,87,87,87,86,80,80,78,77,74,73,72,72,69,66,66,65,63,63,62,60,61,61,60,59,58,56,55,54,53,52,52,52,52,51,51,51,50,50,50,50,44,44,43,43,41,38,38,38,37,36,36,36,35,35,35,33,32,30,29,28,28,28,27,27,27,26,26,26,26,26,26,26,26,26,26,25,25,25,25,24,24,24
2023-11-07,108,108,108,108,108,107,107,105,105,103,102,102,100,99,98,98,98,91,88,88,88,87,84,84,84,84,83,80,79,76,75,74,74,69,69,69,69,69,69,68,65,61,60,59,59,59,59,59,59,59,56,56,56,56,51,51,51,51,50,50,50,50,49,48,48,48,47,46,46,46,46,46,46,46,46,38,38,38,38,38,38,37,36,36,36,36,36,36,36,35,34
2023-11-08,72,75,75,75,75,75,75,74,73,72,73,73,73,73,73,73,72,72,72,72,67,66,65,63,63,60,59,57,56,55,54,51,51,50,48,46,46,46,46,43,43,43,42,41,41,40,40,40,28,28,28,27,27,26,25,25,25,25,24,24,22,22,22,21,20,20,20,20,17,15,14,14,14,14,14,14,14,14,14,14,14,14,14,14,14,14,14,14,14,14,14
2023-11-09,119,119,119,119,119,119,119,118,118,118,116,116,114,112,112,109,109,100,100,100,100,99,99,96,95,95,95,94,94,92,91,89,89,88,87,85,84,83,80,77,75,74,73,72,71,69,69,69,51,41,38,37,37,36,36,36,36,36,36,36,35,34,34,34,33,31,31,31,31,31,28,28,27,27,27,27,27,26,26,25,22,22,22,22,22,22,22,22,22,22,22
2023-11-10,167,168,168,169,170,170,169,170,167,163,164,164,163,161,161,159,152,152,147,144,142,140,140,139,138,135,130,128,124,124,124,119,113,112,110,109,106,99,96,88,84,83,80,80,75,72,61,57,57,56,55,55,55,55,55,53,53,52,51,49,49,47,45,42,42,40,38,37,35,35,31,30,30,30,27,27,27,27,27,27,26,26,26,25,24,24,24,24,22,22,22
2023-11-11,207,207,207,209,209,209,209,208,208,207,206,203,200,199,196,190,188,181,180,177,177,176,176,175,172,170,168,163,159,149,148,148,148,150,151,151,151,149,149,147,146,146,146,146,146,145,145,145,144,144,136,136,136,136,135,135,135,135,135,135,135,134,134,133,133,133,133,132,131,131,131,130,130,130,128,128,128,128,128,128,128,128,122,120,120,117,117,116,107,107,106
2023-11-12,178,178,178,178,178,182,181,181,180,179,178,178,179,178,166,165,165,164,163,161,161,160,158,158,157,156,152,151,150,149,148,148,146,144,144,140,139,136,136,131,126,122,121,120,119,114,112,111,108,104,101,86,74,71,71,69,69,68,68,63,61,60,59,57,53,52,51,50,49,47,46,46,45,45,44,44,44,44,43,42,41,40,40,36,32,29,29,26,26,24,24
2023-11-13,140,140,140,140,139,139,138,138,137,137,138,137,136,134,133,127,125,127,126,120,119,118,116,115,114,110,106,102,102,98,96,90,90,90,89,87,87,87,85,81,78,74,71,71,71,66,65,64,60,59,58,57,57,56,55,54,53,53,53,52,50,50,49,49,49,49,49,47,47,47,47,45,44,44,44,44,44,44,44,44,44,44,43,43,43,43,41,41,40,39,39
2023-11-14,111,111,111,111,111,111,110,115,115,115,115,115,110,113,113,110,111,107,109,105,102,86,83,83,80,79,76,74,73,72,70,70,69,66,66,66,60,59,56,55,55,53,53,51,51,50,47,47,47,46,43,40,37,36,24,24,21,21,21,21,21,20,20,20,20,20,20,20,20,20,20,20,20,20,20,20,20,20,20,20,20,20,20,20,19,19,19,19,19,18,18
2023-11-15,99,99,99,97,97,97,96,96,95,95,95,93,93,93,93,93,91,83,82,82,82,78,76,74,74,69,67,65,64,60,60,59,58,56,55,55,54,54,52,51,49,48,46,43,40,39,39,39,38,38,38,38,36,36,36,36,35,34,34,33,32,32,31,26,24,24,24,23,23,21,21,21,20,20,20,19,19,19,19,19,19,19,18,17,17,17,17,17,16,16,16
2023-11-16,129,129,127,124,123,121,120,119,119,118,117,117,115,113,113,113,105,104,101,99,97,96,94,90,89,87,87,86,86,85,83,81,79,75,75,74,72,66,63,62,58,56,56,54,54,52,52,51,48,46,46,43,43,37,36,35,35,34,34,33,33,32,32,31,31,31,30,30,29,28,27,27,26,24,24,24,24,24,24,24,24,23,23,23,24,24,24,24,24,24,24
2023-11-17,169,169,169,169,168,167,166,166,164,163,162,162,162,161,161,157,153,146,143,142,141,138,138,138,138,137,134,128,127,126,126,126,123,122,116,110,110,107,101,101,100,100,99,99,96,95,93,93,92,88,88,87,87,87,87,86,80,77,77,76,74,74,74,73,72,70,68,68,68,66,61,61,59,59,59,58,57,57,57,57,53,53,52,52,52,52,52,52,52,51,51
2023-11-18,197,197,197,198,198,198,197,195,195,195,194,191,188,188,187,186,185,183,175,176,176,176,173,171,176,176,176,173,166,165,164,164,161,161,160,157,157,157,156,156,155,152,152,149,150,150,148,145,144,143,143,142,136,136,134,130,128,128,128,128,128,126,126,124,122,120,120,118,114,111,106,106,105,103,102,100,99,99,99,99,99,99,99,96,94,89,89,89,89,89,89
2023-11-19,145,145,145,145,145,145,144,145,145,144,143,142,142,142,142,132,132,130,130,128,128,127,124,120,120,116,114,110,107,106,105,103,101,98,97,94,92,90,87,87,84,82,78,76,74,74,70,70,67,67,68,68,66,66,66,66,64,60,59,57,55,51,50,50,50,50,50,50,46,46,44,42,40,40,39,38,38,38,38,38,38,38,37,37,37,37,37,37,36,36,27
2023-11-20,116,115,112,112,111,111,110,110,110,110,107,105,105,104,104,102,101,100,100,100,98,94,91,90,90,88,88,87,87,86,85,84,80,79,79,79,79,78,77,76,74,74,70,70,69,69,67,67,67,64,64,64,64,63,62,62,62,62,62,58,48,45,40,40,39,39,38,38,38,38,37,37,35,35,35,33,33,33,32,31,31,31,31,31,31,31,31,31,31,28,28
2023-11-21,158,158,156,154,152,152,152,149,148,147,147,148,147,147,146,145,145,144,143,141,139,138,127,123,122,120,119,119,118,118,116,114,111,110,110,110,107,102,100,86,83,83,80,80,79,78,73,68,52,50,49,45,44,42,39,39,39,38,38,38,38,38,38,37,37,35,35,35,35,35,35,35,35,34,34,34,30,28,25,25,24,24,23,23,23,22,22,22,22,22,22
2023-11-22,146,146,146,146,146,146,145,145,145,144,144,143,145,145,145,144,143,140,134,132,132,132,130,129,128,125,124,124,124,124,116,116,116,112,111,111,110,105,103,103,100,99,99,97,96,94,94,94,91,91,91,91,91,92,88,88,88,88,87,79,78,77,72,65,64,62,61,60,59,57,57,54,54,52,51,51,51,48,48,46,46,46,46,46,45,45,34,34,33,33,33
2023-11-23,191,190,189,189,188,188,188,188,189,189,189,186,185,185,180,180,179,177,177,174,174,172,168,167,166,165,163,162,162,162,161,155,153,144,143,140,139,138,137,136,128,124,123,122,118,114,108,102,102,101,101,100,99,98,97,96,93,92,92,92,87,86,84,77,74,73,72,71,67,65,63,62,62,62,62,57,56,53,53,51,49,47,47,44,42,42,39,36,35,35,35
2023-11-24,185,185,185,184,183,181,182,182,182,181,181,181,167,167,168,168,168,167,167,167,166,166,166,166,165,163,161,161,160,159,158,154,155,152,150,148,145,142,142,142,141,140,138,138,137,134,129,123,122,121,121,120,119,118,117,117,115,115,115,113,112,110,109,104,92,88,88,87,85,80,78,78,76,74,74,73,73,72,68,67,65,47,43,42,41,41,39,39,37,36,35
2023-11-25,210,210,213,213,212,213,213,213,212,210,207,202,200,196,196,196,195,195,195,194,190,189,189,188,187,186,185,184,180,178,178,177,177,179,178,176,174,172,167,165,165,165,165,162,162,162,162,159,159,159,159,160,158,158,156,153,151,151,151,150,149,148,148,148,146,146,144,144,143,143,142,142,140,140,139,139,139,139,132,129,102,100,94,93,93,93,93,92,90,89,89
2023-11-26,131,131,131,131,131,131,131,129,125,124,123,120,119,118,118,117,118,118,117,117,115,114,113,113,113,113,112,109,107,104,104,103,102,103,103,101,101,101,99,97,91,91,89,89,86,83,83,83,81,82,82,79,78,75,75,74,74,74,74,72,72,72,72,70,70,70,68,68,65,65,63,59,57,57,57,55,55,51,50,50,44,43,39,38,38,36,34,34,33,32,32
2023-11-27,104,104,104,103,103,101,100,100,101,101,100,96,95,93,92,91,90,89,88,88,87,85,85,84,81,81,80,79,76,71,68,67,66,65,59,60,59,58,56,56,55,52,52,51,48,48,41,41,41,40,38,37,37,37,32,31,25,23,23,23,23,23,22,21,20,20,20,18,17,17,16,16,16,17,17,17,17,17,16,16,16,16,15,14,14,12,12,11,11,11,11
2023-11-28,96,96,96,96,96,96,95,95,95,95,93,93,93,93,93,91,91,90,90,90,90,90,90,90,90,89,89,89,88,87,81,81,79,78,77,58,57,56,56,55,52,48,48,46,39,38,35,31,29,29,28,28,28,28,28,27,26,24,23,23,20,20,20,20,20,20,20,19,19,19,19,19,19,18,18,18,18,17,17,17,17,17,17,17,17,17,16,16,14,14,14
2023-11-29,60,60,60,60,60,60,61,61,61,61,61,61,60,60,60,60,60,59,59,59,59,59,60,60,60,60,60,60,60,61,61,56,56,54,53,48,48,47,45,44,42,37,37,37,37,37,37,36,36,36,35,34,34,34,31,29,29,28,26,24,24,24,24,24,23,23,22,22,21,21,21,21,21,21,21,21,21,21,20,20,19,18,18,17,16,16,16,16,15,15,15
2023-11-30,61,61,61,61,61,61,61,61,61,60,58,58,58,58,58,58,58,57,57,57,57,57,57,59,58,57,56,56,56,56,56,55,55,55,55,55,55,55,54,53,53,53,52,51,50,50,50,49,48,48,46,46,45,44,42,42,42,42,41,41,40,40,40,39,23,22,22,22,22,22,10,10,7,6,6,6,6,5,5,5,5,5,5,5,5,5,5,5,5,3,3
2023-12-01,127,127,127,127,128,128,126,126,126,126,125,125,118,115,115,113,112,112,111,111,109,109,107,106,106,106,105,103,102,101,100,100,101,101,100,100,100,99,99,96,95,94,94,92,92,92,92,92,92,92,91,91,91,90,86,86,86,79,79,79,77,73,73,63,63,62,60,60,60,59,59,59,59,57,57,58,58,57,57,57,57,57,57,56,56,56,56,56,55,48,48
2023-12-02,177,178,173,171,171,166,166,167,167,164,164,164,164,150,149,147,145,143,142,142,143,145,145,145,145,145,145,143,141,140,139,139,137,135,135,135,136,136,136,136,135,135,134,134,132,130,126,128,127,126,124,124,123,123,123,121,118,118,114,112,106,106,105,103,100,100,100,99,98,95,94,91,88,82,79,79,78,74,70,70,70,67,65,64,63,63,63,63,60,52,52
2023-12-03,158,158,156,156,155,154,152,151,150,150,150,150,151,150,142,142,141,141,140,140,140,140,136,135,134,132,132,133,132,131,121,121,114,111,110,109,109,107,101,100,99,98,98,98,98,98,96,96,95,95,93,93,92,91,91,90,89,89,84,84,82,82,79,78,73,71,71,71,69,69,68,59,56,56,56,53,53,53,51,50,47,42,42,42,42,41,41,33,31,31,23
2023-12-04,92,92,91,91,91,89,86,86,86,86,86,85,84,84,83,82,81,79,78,75,73,72,72,72,72,72,72,71,70,70,68,66,66,62,60,58,56,56,56,56,57,57,56,56,54,52,51,51,49,49,48,47,44,43,42,41,40,37,37,37,37,34,31,16,14,14,14,14,14,14,14,13,12,11,7,6,6,6,6,6,6,6,6,5,5,3,3,3,2,2,1
2023-12-05,92,91,90,90,90,89,86,84,83,79,79,79,79,79,76,70,69,69,69,69,69,68,67,66,65,64,64,64,64,64,58,57,55,54,54,53,53,51,51,51,51,50,46,45,45,43,41,40,40,36,33,33,32,32,31,31,31,31,31,30,30,30,30,30,30,30,30,30,30,27,27,27,27,27,27,26,25,25,25,25,25,23,23,23,23,23,23,23,23,13,13
2023-12-06,73,73,72,71,71,70,69,69,69,67,67,65,65,65,64,64,64,64,64,63,63,61,61,61,61,59,59,57,57,56,56,55,54,54,53,53,52,52,59,59,59,58,58,58,58,57,56,56,55,52,50,49,46,46,46,45,44,44,44,42,42,42,42,42,42,41,40,40,40,40,40,40,40,40,39,38,38,36,36,36,36,36,36,35,35,35,35,35,35,35,35
2023-12-07,78,78,78,78,78,78,79,76,76,76,76,73,72,71,71,71,60,58,57,55,51,51,46,46,44,42,41,39,38,38,36,36,33,33,33,33,31,30,30,29,26,26,26,25,25,25,25,25,20,20,18,17,17,17,16,16,15,15,15,15,14,14,14,12,11,11,11,11,8,8,8,8,8,8,8,7,7,6,6,6,6,6,6,5,5,4,4,3,3,3,3
2023-12-08,147,147,147,147,146,145,142,141,140,138,137,136,136,136,136,136,136,136,134,133,132,130,130,130,125,125,125,124,121,116,114,113,113,113,112,112,111,111,112,112,112,111,110,109,109,107,104,100,100,100,99,99,99,99,99,98,98,98,92,91,89,89,88,88,84,82,82,82,80,80,80,80,80,81,81,81,81,80,80,78,78,78,78,78,78,77,66,66,66,61,61
2023-12-09,184,184,183,181,181,179,179,177,177,176,175,175,174,174,171,171,170,170,170,158,155,155,153,151,149,148,149,148,148,142,141,141,140,140,140,139,138,137,141,142,142,136,136,135,135,135,135,134,134,134,134,134,133,133,131,131,131,131,130,130,128,127,126,126,125,125,122,122,122,115,111,106,106,106,106,105,101,99,96,89,89,89,89,88,88,88,88,84,84,79,75
2023-12-10,152,154,154,154,152,153,155,155,153,153,152,150,149,148,147,143,140,140,138,138,129,126,126,126,124,124,125,123,122,119,117,114,112,111,111,110,109,107,103,106,105,104,103,103,104,101,100,99,96,94,94,94,94,90,90,65,60,54,51,50,44,44,39,39,39,38,38,37,35,31,31,30,30,30,30,29,27,26,26,23,23,22,20,20,16,16,14,14,14,14,14
2023-12-11,62,62,63,63,62,62,60,59,59,58,55,54,54,53,51,48,47,45,45,44,43,43,43,42,42,42,42,41,41,39,39,38,38,36,35,35,34,34,34,34,32,32,32,30,32,31,28,28,27,27,27,27,26,25,24,24,23,23,23,23,22,22,22,21,21,21,21,21,20,19,7,7,7,7,7,6,6,6,5,4,2,2,2,2,2,2,2,2,2,2,2
2023-12-12,47,47,47,46,44,46,46,46,44,44,44,44,38,37,36,36,36,34,34,32,29,29,23,22,22,18,18,16,16,14,14,14,14,13,13,13,13,13,10,10,9,9,9,9,9,9,9,9,9,9,9,9,9,8,8,8,8,8,8,7,7,6,6,6,6,6,6,6,6,6,6,6,6,6,6,6,6,6,6,6,6,6,6,6,6,6,6,6,4,4,4
2023-12-13,84,84,84,84,84,83,81,76,74,73,72,71,70,70,69,69,69,66,66,66,56,55,53,52,47,47,47,46,46,45,45,45,45,45,45,45,45,44,44,43,43,42,42,35,35,35,35,35,35,35,35,34,34,34,34,33,33,33,33,33,33,33,31,31,31,29,29,29,29,29,29,28,28,27,27,27,27,27,27,27,27,27,27,27,27,27,27,27,27,27,27
2023-12-14,79,79,77,77,77,77,76,75,73,71,70,70,69,69,68,68,70,70,70,69,69,66,66,64,63,63,60,59,59,58,57,54,50,49,33,33,31,31,28,26,26,25,24,24,24,23,23,23,23,23,22,22,22,21,20,20,20,20,19,19,17,14,14,14,14,14,14,14,14,14,14,14,14,13,13,13,13,13,12,12,12,12,12,12,12,12,12,12,12,11,11
2023-12-15,120,120,122,122,123,122,121,121,121,120,124,125,125,125,126,125,125,125,125,123,122,121,115,114,114,113,113,113,113,113,110,110,108,107,107,107,107,107,102,100,100,97,96,95,94,93,92,91,91,91,91,87,86,86,74,74,74,74,74,74,73,68,68,68,68,68,68,68,68,67,64,64,64,63,63,63,63,63,63,63,63,63,61,59,59,59,59,59,58,59,59
2023-12-16,163,163,161,161,160,157,158,158,158,158,155,152,147,147,146,146,145,143,143,141,141,140,139,128,127,126,125,124,123,122,122,121,121,120,120,120,119,117,116,116,116,115,112,112,112,112,110,104,104,103,103,102,102,101,97,93,93,90,85,85,85,82,78,73,71,70,55,52,52,46,46,46,45,44,41,37,36,36,19,19,19,18,18,18,18,18,17,17,17,17,16
2023-12-17,80,80,80,79,80,80,80,81,78,78,78,78,78,73,72,70,67,67,64,64,63,62,59,56,53,52,51,50,50,50,49,49,48,43,41,40,31,30,27,26,26,26,24,24,23,22,22,22,21,18,18,17,17,17,17,17,17,17,17,16,16,16,16,16,14,14,12,12,11,11,10,10,10,9,8,8,8,8,7,7,7,7,7,7,7,7,6,6,6,5,4
2023-12-18,64,64,64,64,64,64,64,64,64,63,63,60,61,61,57,55,50,49,47,45,46,46,47,46,46,46,46,46,45,44,44,44,44,44,41,39,39,38,37,37,37,36,36,36,36,36,36,36,36,34,33,32,30,27,27,26,25,25,25,25,20,19,19,19,19,19,19,19,18,18,17,15,15,15,15,15,15,4,4,4,4,4,4,4,4,4,4,4,3,3,3
2023-12-19,29,29,29,29,29,29,29,28,24,24,24,24,24,23,23,23,22,22,21,21,20,19,18,17,17,17,17,17,16,16,15,15,15,11,11,10,10,10,10,10,9,9,8,8,7,7,7,6,6,6,6,6,6,6,6,6,6,6,6,6,6,5,5,5,5,5,5,5,5,5,5,5,5,5,5,5,5,5,5,5,5,5,5,5,5,5,5,5,5,5,5
2023-12-20,37,37,37,37,37,37,36,36,36,36,36,35,35,34,34,33,29,29,28,28,26,23,23,23,23,23,23,23,23,23,21,19,19,18,18,18,18,17,17,16,16,14,14,13,13,13,13,13,13,13,13,13,13,13,13,13,13,13,8,4,4,4,4,4,4,4,3,3,3,3,3,3,3,3,3,3,3,2,1,1,1,1,0,0,0,0,0,0,0,0,0
2023-12-21,35,35,35,35,35,35,35,35,40,40,40,40,40,40,40,40,40,40,40,40,40,40,39,39,38,38,35,34,34,30,30,30,29,27,23,23,23,23,16,16,16,16,16,16,16,16,16,16,15,15,15,14,10,10,10,9,9,9,8,7,7,7,6,5,5,5,5,4,3,3,3,3,3,3,3,3,3,3,3,3,3,3,3,2,2,2,2,2,1,1,1
2023-12-22,92,92,94,95,95,95,95,95,95,95,95,95,95,94,94,93,93,93,89,89,89,89,88,82,82,82,81,80,79,78,78,78,77,72,70,70,70,70,68,68,67,66,66,65,65,64,62,61,62,61,61,61,60,58,58,57,57,56,50,50,50,48,48,48,48,45,45,45,45,43,43,43,43,43,43,43,43,43,43,42,42,42,42,42,42,42,42,42,42,41,41
2023-12-23,136,136,136,136,136,137,137,136,135,135,136,136,135,135,135,132,131,129,129,126,123,123,122,106,96,94,94,93,92,90,90,88,87,87,86,85,80,80,79,76,75,74,72,72,72,71,69,68,68,66,66,64,64,62,62,60,52,50,50,50,50,49,49,48,48,46,45,45,45,45,45,45,45,45,45,44,42,43,41,38,38,38,19,19,19,18,18,18,18,18,18
2023-12-24,100,100,97,96,96,95,93,93,93,92,91,91,90,86,86,85,85,85,85,83,85,85,84,83,79,76,76,76,73,71,66,65,64,65,63,61,57,57,57,54,52,51,48,48,48,47,47,47,47,44,44,44,44,44,44,44,43,42,41,41,40,38,38,38,38,38,38,37,37,37,37,37,37,36,35,35,35,34,28,27,23,23,23,22,21,21,21,21,21,21,18
2023-12-25,62,62,62,63,59,59,59,59,59,59,59,58,58,57,56,56,54,53,52,51,51,49,48,48,48,46,45,44,44,43,43,43,43,40,40,39,38,38,38,37,36,33,30,27,27,27,27,27,27,26,26,26,25,24,23,23,23,22,22,22,19,19,18,18,17,17,17,16,16,16,16,16,14,14,13,13,13,13,12,12,12,12,12,12,12,12,12,12,12,12,12
2023-12-26,89,89,87,86,86,82,81,80,79,79,79,79,80,80,80,80,80,78,75,74,69,67,64,63,61,59,56,53,53,53,51,51,50,51,50,50,48,47,47,48,48,48,47,47,46,45,43,43,42,37,37,37,37,36,36,36,36,36,31,29,26,26,26,26,25,24,23,23,22,22,22,22,22,22,20,19,19,19,18,16,16,14,13,12,12,12,12,7,7,7,6
2023-12-27,123,123,123,123,125,125,125,124,123,123,122,124,124,123,123,123,123,123,122,122,124,123,123,118,118,115,114,108,105,105,104,104,102,100,97,95,94,94,89,87,87,76,74,74,73,71,68,67,67,67,66,65,65,64,64,64,64,63,63,62,60,60,60,60,58,55,54,54,53,52,50,49,46,47,47,47,41,40,38,36,36,32,32,30,28,27,27,27,27,27,27
2023-12-28,173,175,177,177,177,178,177,175,175,173,169,169,169,169,168,166,165,165,164,162,161,161,161,151,147,146,145,143,140,140,140,140,138,130,130,129,128,128,128,127,125,124,124,126,125,123,119,111,111,111,110,110,107,106,106,105,104,104,98,91,91,90,90,87,85,85,84,84,84,83,83,83,83,83,82,82,83,83,82,81,79,79,77,77,75,72,72,73,73,73,72
2023-12-29,189,189,189,189,190,191,190,190,190,189,183,184,183,184,182,179,183,183,183,184,183,183,181,181,178,177,176,174,173,173,172,170,170,169,165,166,165,165,162,162,161,160,160,159,159,157,156,156,156,152,151,150,150,150,150,148,147,146,146,144,144,144,143,142,140,139,138,137,135,132,128,127,124,122,122,121,118,114,114,113,113,112,109,107,105,104,101,101,98,98,98
2023-12-30,169,173,170,172,172,174,174,169,168,168,168,168,167,167,164,164,165,165,165,159,149,149,148,150,150,149,147,146,144,142,141,135,135,134,132,129,127,125,125,125,124,122,117,114,114,114,112,108,107,107,107,107,107,107,107,105,105,102,99,100,98,97,93,92,88,84,81,78,75,75,75,72,72,70,67,67,65,61,58,56,55,53,52,49,48,48,47,46,46,46,46
2023-12-31,185,186,188,188,188,188,188,188,183,183,183,183,183,183,182,182,183,182,181,180,178,172,171,171,170,169,171,170,168,166,165,165,165,166,166,164,163,163,162,162,161,160,160,159,159,158,158,158,157,157,157,156,156,156,155,155,155,155,155,155,156,156,155,155,155,155,155,155,151,150,150,150,149,149,147,147,143,142,140,138,138,138,138,137,137,137,136,136,135,134,134
2024-01-01,179,179,179,178,178,178,178,178,179,181,177,177,177,170,171,171,171,172,172,171,168,166,166,166,166,165,167,167,163,163,165,165,166,166,166,166,166,166,166,166,166,166,166,166,165,165,164,164,163,160,160,160,160,160,159,158,158,158,158,158,157,157,158,158,157,157,157,157,157,157,156,156,156,155,155,153,153,152,151,151,150,149,149,147,143,143,143,142,142,138,139
2024-01-02,167,170,170,170,170,170,171,171,171,171,170,164,161,160,154,152,148,147,138,136,136,136,135,142,142,143,142,141,141,140,140,139,140,140,140,138,137,135,132,131,127,126,126,124,124,124,122,122,124,124,124,125,125,125,125,120,119,116,116,115,115,115,115,115,112,108,105,102,102,101,101,101,99,96,96,95,92,91,91,90,89,88,87,87,86,85,82,81,81,80,79
2024-01-03,150,162,166,166,165,165,166,164,161,161,162,162,161,161,160,154,153,153,153,153,153,151,150,148,150,150,150,150,149,146,147,145,144,139,139,131,130,128,126,122,120,119,118,117,117,115,108,103,102,101,100,94,91,90,88,86,84,79,77,76,73,70,69,69,68,68,59,57,57,54,50,47,50,49,47,47,46,42,39,38,37,37,36,36,34,33,31,30,30,29,29
2024-01-04,98,98,99,101,101,101,101,101,101,100,100,100,99,99,98,95,95,91,90,88,87,86,86,82,79,78,77,75,73,69,68,62,62,59,55,55,54,54,52,51,49,49,49,48,48,48,48,47,46,45,44,43,43,39,39,38,37,35,32,32,31,28,27,27,27,27,27,27,25,23,22,21,20,19,19,19,17,16,16,16,16,16,15,15,15,13,13,13,13,13,13
2024-01-05,127,127,127,128,131,131,131,131,129,128,128,127,125,123,123,119,118,113,112,111,107,104,104,104,104,102,100,94,88,87,85,80,77,74,73,72,69,69,60,58,54,50,48,44,42,42,42,40,38,36,35,35,35,35,35,35,32,32,31,30,30,30,29,29,29,29,29,29,29,27,27,27,26,25,24,23,21,21,21,20,20,18,19,18,18,18,17,17,17,17,17
2024-01-06,93,97,106,107,112,113,113,113,113,112,108,108,108,106,106,106,103,100,100,101,101,100,98,97,94,91,88,85,84,84,84,79,78,77,76,75,75,74,74,73,73,72,71,70,70,69,69,68,68,64,64,63,62,62,62,62,62,58,52,51,50,50,50,47,44,44,43,43,40,40,34,34,34,33,33,30,28,26,26,25,25,25,24,23,22,19,19,19,18,18,17
2024-01-07,103,103,99,108,109,109,110,110,109,107,106,98,98,98,98,98,98,97,98,97,95,93,93,92,92,91,91,91,88,86,86,86,85,78,77,74,71,71,69,69,68,68,68,67,67,67,67,67,66,65,62,62,58,58,50,50,50,50,49,49,48,48,48,48,48,46,44,44,44,42,41,40,40,40,40,40,40,39,39,36,36,32,32,32,32,29,25,25,18,17,17
2024-01-08,37,37,37,37,37,36,36,36,36,35,33,33,33,33,32,32,32,31,31,30,30,30,30,30,30,30,30,28,27,25,26,24,24,25,25,26,25,23,23,23,23,23,22,22,21,21,21,21,20,19,19,19,19,19,19,19,18,18,18,18,18,17,15,15,15,15,15,15,15,15,15,13,12,12,12,12,12,12,12,12,12,12,12,12,12,12,12,12,5,5,5
2024-01-09,9,9,9,9,9,9,9,9,9,9,9,9,9,9,9,9,9,9,9,8,7,7,7,6,6,6,6,6,6,5,4,4,4,4,4,4,3,3,3,3,3,3,3,3,3,3,3,3,3,3,3,3,3,3,3,3,3,3,3,2,2,2,2,2,2,2,2,2,2,2,2,2,2,2,2,2,1,1,1,1,1,1,1,1,1,1,1,1,0,0,0
2024-01-10,10,10,10,9,9,9,9,9,9,9,9,9,9,9,9,9,9,9,9,9,9,9,9,9,7,7,5,5,5,4,3,3,3,3,3,3,3,3,2,2,2,2,2,2,2,2,2,2,2,2,2,2,2,2,2,2,2,2,1,1,1,1,1,0,0,0,0,0,0,0,0,0,0,0,0,0,0,0,0,0,0,0,0,0,0,0,0,0,0,0,0
2024-01-11,54,54,54,54,54,54,54,54,54,54,54,54,54,54,54,54,54,54,53,52,52,52,50,49,49,49,49,48,46,47,47,47,47,46,46,45,45,44,44,44,43,43,40,38,37,37,36,36,36,36,36,36,36,36,36,35,19,19,19,19,19,19,19,19,19,19,18,18,18,18,18,18,18,17,8,7,7,7,7,7,7,6,6,6,6,6,6,6,6,6,6
2024-01-12,48,48,48,47,47,46,46,46,46,47,48,48,48,48,47,47,47,47,47,46,46,46,46,46,45,42,42,42,42,39,39,37,37,37,35,32,32,31,30,28,27,27,27,27,27,27,27,27,26,26,26,24,24,24,24,22,21,21,21,21,19,17,16,15,12,11,8,7,8,8,8,8,8,7,7,7,7,6,6,5,5,5,4,4,4,4,4,4,4,4,4
2024-01-13,98,98,97,97,97,96,97,103,102,93,95,96,96,95,96,96,96,95,94,94,94,94,91,88,85,85,83,82,80,79,78,77,77,76,76,76,72,72,63,63,63,63,63,62,62,60,59,59,58,58,58,56,56,56,56,56,55,54,54,51,51,50,49,48,47,46,46,35,33,33,33,33,33,32,32,26,26,24,24,24,24,23,23,22,22,20,19,19,18,15,15
2024-01-14,66,66,66,66,67,67,67,64,63,62,59,59,58,58,58,58,58,58,58,57,55,55,54,53,51,51,50,47,44,42,42,42,39,37,36,34,34,34,34,34,34,33,32,29,29,28,28,27,27,26,26,26,26,26,26,24,20,20,20,19,18,17,17,16,15,15,14,12,12,12,12,12,12,12,11,18,18,18,18,18,17,17,17,17,17,17,17,17,15,14,14
2024-01-15,67,67,67,66,67,67,68,68,69,72,72,72,72,70,70,70,70,70,70,69,68,68,67,67,67,66,66,64,64,63,63,61,61,62,62,62,63,63,63,62,61,61,59,58,58,55,55,48,46,46,47,47,46,45,44,44,41,38,38,37,36,34,34,33,32,32,32,31,31,31,31,31,31,31,31,31,29,29,29,29,29,29,29,29,29,28,28,28,25,24,24
2024-01-16,43,43,42,42,40,40,40,39,39,38,36,35,35,35,35,35,35,35,35,35,35,35,35,35,35,35,32,32,32,27,27,27,27,25,25,25,23,23,23,22,23,23,23,23,23,23,22,22,22,22,22,21,21,21,21,21,21,21,21,21,21,21,20,20,20,20,20,19,17,15,15,15,15,14,14,14,13,12,12,12,11,11,11,11,11,11,11,11,9,9,8
2024-01-17,31,31,31,30,30,29,29,29,29,29,29,28,28,28,28,28,28,28,28,28,28,28,28,28,28,28,27,26,25,23,23,23,23,23,23,23,21,17,16,16,16,16,16,16,15,13,13,13,13,13,13,13,13,13,13,13,13,13,13,13,13,13,11,10,10,10,10,10,10,4,4,4,4,4,3,3,3,3,1,1,1,1,1,0,0,0,0,0,0,0,0
2024-01-18,29,29,29,29,29,30,30,27,27,27,27,27,27,27,27,27,27,27,27,27,27,27,27,27,27,27,27,26,26,26,25,25,25,25,25,25,25,25,22,22,22,22,21,21,21,21,21,20,17,17,17,17,17,17,16,16,15,14,14,9,9,8,8,8,8,8,8,8,7,7,7,7,6,6,6,6,6,6,6,5,5,5,5,5,5,5,4,4,4,4,4
2024-01-19,82,82,82,82,82,82,82,82,83,83,83,82,79,79,78,77,78,78,78,78,78,78,78,78,77,77,77,75,74,74,74,70,68,68,68,67,67,68,66,63,62,60,60,60,53,44,44,44,42,39,39,39,38,38,38,36,36,36,36,36,35,33,33,33,33,32,30,29,28,28,27,26,25,25,24,24,24,23,23,23,23,23,23,23,23,23,22,22,22,21,21
2024-01-20,122,122,120,117,116,115,115,110,110,109,108,107,107,108,108,108,105,107,107,107,107,107,107,107,107,106,105,105,105,105,104,104,104,103,103,102,102,99,98,97,97,100,99,99,99,96,95,89,89,87,85,81,80,80,79,75,75,74,72,72,72,72,71,67,66,65,64,64,64,64,62,61,57,57,57,57,55,55,56,56,56,53,49,49,49,49,49,48,48,48,45
2024-01-21,57,57,57,57,57,57,58,58,54,54,54,54,53,53,53,53,53,53,53,53,53,53,53,53,52,53,53,53,53,53,53,52,52,52,50,50,47,47,42,42,42,42,40,37,35,35,34,34,34,33,31,29,29,28,28,28,28,28,28,25,25,21,20,20,20,20,20,20,19,19,19,19,18,12,11,10,9,9,8,8,7,6,6,5,5,5,5,5,5,5,5
2024-01-22,50,51,51,51,50,49,49,49,49,49,49,49,49,47,47,47,47,46,46,48,48,48,48,48,47,46,46,46,46,46,46,42,40,37,37,36,33,33,31,30,29,28,28,28,28,28,28,28,27,25,22,22,22,21,21,21,20,20,20,20,20,20,19,19,19,19,19,20,20,18,18,16,16,16,16,16,16,16,16,17,17,17,17,15,15,6,6,6,6,6,6
2024-01-23,56,56,56,56,56,56,56,56,56,52,53,53,53,53,53,53,53,53,53,53,53,53,53,53,53,53,53,53,53,53,53,53,53,53,53,53,53,50,50,48,45,45,45,45,45,45,45,43,40,39,39,39,38,38,38,34,32,32,28,28,28,28,27,27,27,27,27,27,27,26,26,26,26,26,26,26,26,26,26,25,24,23,23,23,24,22,21,21,21,21,21
2024-01-24,30,29,29,29,29,29,28,28,28,28,27,27,27,27,27,25,25,25,25,42,42,42,42,42,42,42,42,42,42,42,42,42,42,42,42,42,42,41,41,41,41,41,39,39,39,38,35,35,35,35,35,35,35,35,35,35,28,28,28,28,28,28,28,28,28,28,27,27,27,26,25,24,24,24,24,24,24,23,23,23,23,23,23,23,23,23,23,18,18,18,18
2024-01-25,25,25,25,25,24,24,24,24,23,23,21,21,21,21,21,20,20,20,20,21,21,21,21,21,21,21,21,21,20,20,20,20,20,23,23,23,23,22,21,21,21,21,21,21,19,19,19,18,18,17,17,18,16,16,16,16,16,16,16,16,16,16,16,16,16,16,11,10,9,9,9,9,9,9,9,9,9,9,9,8,7,7,6,6,6,6,5,4,4,4,4
2024-01-26,94,93,92,92,92,92,92,92,89,89,83,84,82,82,82,73,74,74,74,75,75,74,74,74,73,73,73,73,72,72,72,72,72,71,72,72,72,72,72,72,72,72,70,70,69,69,67,67,67,67,67,67,67,66,46,46,45,44,37,36,36,36,34,30,30,29,28,27,25,25,25,25,23,23,23,23,22,22,22,22,22,22,22,21,20,20,20,11,8,6,5
2024-01-27,142,143,143,142,142,140,137,136,134,130,129,110,110,110,108,108,108,108,108,108,108,107,107,107,107,107,106,106,105,104,103,103,102,102,100,99,97,94,93,92,92,92,92,92,91,90,89,89,89,89,89,89,88,85,81,78,78,77,77,70,73,72,71,69,67,67,67,67,67,65,64,64,62,62,62,62,60,60,55,55,55,51,51,51,46,46,46,46,44,44,40
2024-01-28,78,78,78,78,78,77,76,76,76,76,75,72,72,72,69,68,68,68,68,69,69,69,69,68,68,68,68,68,68,68,68,68,68,68,68,67,66,66,66,65,65,63,63,63,63,63,63,59,57,55,54,54,61,60,60,59,59,59,58,57,56,59,59,57,57,53,52,52,51,51,50,42,42,42,41,39,38,38,36,35,35,38,38,38,35,35,35,35,35,35,35
2024-01-29,32,32,32,32,31,29,29,29,29,29,29,29,29,29,27,27,27,25,25,25,24,24,24,25,25,25,25,25,25,25,25,25,25,25,25,25,25,25,25,25,24,23,23,23,23,22,17,17,16,16,15,14,14,14,14,14,14,14,14,13,13,11,11,11,11,11,11,11,11,11,11,11,11,7,7,7,6,6,6,6,6,5,5,5,5,4,4,4,4,4,4
2024-01-30,60,60,56,56,56,54,55,53,51,50,50,49,49,46,45,44,43,43,43,43,43,43,43,43,43,43,43,43,43,43,43,43,43,43,43,43,43,43,40,36,36,36,33,32,32,32,31,30,30,30,29,29,29,29,29,29,29,24,24,24,24,24,24,24,24,24,21,21,21,20,15,15,15,15,15,15,15,15,15,13,13,13,12,12,8,8,8,8,8,8,8
2024-01-31,43,43,41,41,40,40,39,39,39,39,39,39,39,41,41,41,41,41,41,41,41,41,41,41,41,23,23,23,23,23,23,23,23,23,23,23,23,23,23,21,21,21,21,20,20,20,20,20,19,19,19,19,19,16,16,16,16,16,16,16,16,16,16,15,15,15,15,15,4,3,3,3,3,3,3,3,3,3,3,3,3,3,3,3,3,3,3,2,2,2,2
2024-02-01,32,32,31,32,32,32,32,32,32,32,32,32,32,32,32,31,31,31,31,31,31,31,31,31,31,31,31,31,31,31,31,31,31,31,31,31,31,31,30,30,28,27,27,27,24,24,24,24,23,23,23,23,21,15,15,15,15,15,15,15,15,14,14,14,14,14,14,14,14,14,13,13,13,13,13,13,13,13,12,12,12,12,12,12,12,12,12,12,12,12,12
2024-02-02,98,98,98,98,98,97,97,97,97,97,96,96,96,95,94,93,91,91,91,90,89,89,89,88,88,88,88,88,88,88,88,88,88,88,87,86,86,86,85,83,83,83,83,82,81,80,80,71,71,71,66,67,67,66,64,64,59,58,57,57,55,55,54,53,53,51,51,51,50,48,48,48,48,47,47,46,46,44,44,43,42,42,42,41,39,39,39,29,29,29,28
2024-02-03,112,112,111,111,110,108,107,102,102,101,101,102,101,99,97,94,93,86,87,87,86,86,87,87,87,88,88,88,87,87,87,88,88,89,89,89,89,89,89,87,86,86,84,84,80,80,70,70,70,70,69,68,67,66,63,63,63,63,62,62,64,62,62,62,62,61,60,56,56,55,54,51,50,48,48,47,44,43,43,42,42,42,42,42,42,43,43,28,28,25,23
2024-02-04,89,89,89,88,88,82,81,80,80,80,80,78,77,72,72,71,69,68,67,68,67,66,65,59,59,58,58,58,58,58,58,58,58,57,58,58,58,54,53,53,53,48,48,47,46,44,44,40,38,38,37,37,36,30,28,27,29,29,29,29,29,29,26,26,26,26,25,25,24,24,24,23,23,23,23,23,23,23,23,22,21,18,18,18,17,17,17,17,14,14,14
2024-02-05,65,65,64,64,64,64,64,63,62,60,60,59,56,56,56,55,55,53,53,52,52,51,49,49,48,48,48,48,46,46,46,46,44,44,44,44,44,43,43,42,42,42,42,42,42,42,41,41,40,40,40,40,40,39,39,39,39,39,39,39,39,39,39,37,37,37,37,37,37,37,37,34,34,28,28,28,28,27,27,27,27,27,27,27,27,27,27,26,25,25,24
2024-02-06,44,44,42,42,40,39,39,39,37,37,37,37,37,35,30,30,30,29,27,25,20,20,20,18,18,18,18,18,17,15,15,15,14,14,14,14,14,14,14,14,14,14,14,14,14,13,13,13,13,13,13,12,12,12,12,12,11,11,11,11,12,12,11,11,11,11,10,10,10,10,10,9,9,9,9,9,7,6,6,6,6,6,6,6,6,6,6,5,5,5,5
2024-02-07,71,71,71,70,69,67,65,65,65,65,64,63,62,61,58,55,54,54,54,54,54,51,51,32,32,32,32,32,32,32,32,32,32,31,31,31,31,31,31,31,31,31,31,31,31,31,30,29,29,29,29,18,18,17,17,17,17,16,16,16,15,13,13,12,12,10,10,10,10,10,10,10,10,10,10,10,10,9,9,9,8,8,8,8,8,8,8,8,8,8,7
2024-02-08,46,46,46,46,46,44,41,41,41,38,37,37,37,34,34,33,32,33,33,32,31,29,25,24,24,24,24,39,39,39,39,39,39,38,38,37,37,37,37,37,37,37,37,37,37,37,36,36,36,34,34,34,30,30,29,29,28,29,29,29,29,29,28,28,28,28,27,27,27,27,27,25,25,25,26,26,26,26,26,26,26,25,25,25,24,24,24,23,23,23,23
2024-02-09,78,78,78,78,78,77,76,75,73,73,72,71,71,70,69,69,67,67,67,66,66,65,65,61,62,63,63,63,63,63,63,64,64,64,64,64,64,64,64,64,63,62,61,60,60,59,59,58,58,57,57,56,55,54,54,54,53,52,51,50,50,49,49,48,48,48,47,47,46,46,42,42,26,26,26,26,26,26,26,24,24,24,24,24,24,24,23,20,20,20,18
2024-02-10,187,187,185,185,185,184,183,183,181,181,180,177,171,169,165,166,165,163,159,148,148,147,148,148,146,144,134,131,131,131,128,128,127,126,127,125,123,122,122,120,120,120,119,119,119,119,117,117,114,113,111,110,108,100,98,98,96,93,91,91,91,84,85,85,84,84,80,77,72,70,69,63,63,60,56,54,54,54,51,49,46,46,46,44,42,41,41,32,25,23,22
2024-02-11,173,173,170,168,162,158,156,149,148,144,141,139,133,128,127,128,126,121,114,99,97,92,88,84,79,78,75,70,67,66,65,65,65,65,64,66,66,66,66,67,66,66,66,65,64,64,63,62,61,61,58,57,55,53,51,49,49,48,46,46,44,41,41,41,40,37,34,33,31,27,27,29,30,30,30,30,29,27,27,26,26,24,24,24,23,23,21,21,20,20,19
2024-02-12,58,58,58,58,58,58,58,58,58,58,58,58,58,58,57,56,56,56,56,55,48,48,46,44,44,43,43,43,43,43,41,39,39,39,39,39,38,37,37,37,37,37,37,37,36,36,36,36,36,36,36,36,36,36,35,31,31,31,24,24,24,21,21,21,20,19,19,18,18,17,16,16,15,14,14,14,14,14,14,14,14,14,14,14,14,14,14,14,13,13,13
2024-02-13,50,50,50,50,50,50,50,50,50,49,49,49,47,47,50,50,50,50,50,49,49,48,48,48,48,47,46,46,46,44,43,43,42,39,39,39,39,39,39,39,39,39,39,39,39,39,38,38,38,38,38,38,37,37,37,35,35,30,29,29,29,29,28,28,28,27,27,27,27,13,13,7,7,6,6,6,6,6,6,6,6,6,6,6,6,6,6,6,6,6,5
2024-02-14,46,46,46,46,46,46,46,46,46,46,45,45,45,45,45,37,32,32,31,30,30,29,29,28,27,27,27,25,22,22,22,22,22,21,21,19,19,19,19,19,19,19,19,19,17,17,17,16,14,14,14,9,9,9,9,9,9,9,9,8,8,8,8,8,8,6,6,6,6,6,6,6,6,6,5,5,5,5,5,5,5,5,5,5,5,5,4,3,3,3,3
2024-02-15,84,84,84,82,82,82,82,81,79,79,79,76,76,76,76,76,73,70,69,69,68,67,67,67,67,67,65,64,62,62,62,63,62,62,61,56,55,55,55,55,55,55,55,55,55,54,54,54,53,53,53,53,53,53,52,49,49,48,47,46,45,45,44,44,43,43,43,43,28,28,28,28,28,28,28,27,27,27,27,15,15,15,15,15,8,8,8,8,8,8,8
2024-02-16,110,110,110,108,107,107,107,107,107,107,107,107,107,106,106,106,106,106,104,101,100,100,95,95,91,90,86,86,86,86,84,86,85,82,82,83,79,79,78,77,76,76,76,73,73,73,73,73,73,73,72,72,72,72,72,72,72,71,70,68,67,67,66,65,65,64,64,61,60,58,57,55,55,55,52,50,50,49,48,48,48,48,48,47,47,46,46,46,46,46,45
2024-02-17,121,121,121,121,121,121,121,121,121,121,115,115,115,113,110,109,108,104,104,102,100,100,100,99,98,99,99,98,98,96,95,95,93,88,84,84,82,82,81,85,85,97,94,94,94,92,92,92,91,91,89,89,89,89,89,89,89,87,87,85,83,83,82,80,80,81,79,77,77,79,79,79,77,74,71,68,68,63,63,63,62,56,56,44,44,43,43,43,43,42,42
2024-02-18,90,90,90,90,90,90,90,90,90,90,90,90,89,89,89,89,89,89,82,80,80,78,75,75,75,73,71,70,70,68,67,67,67,67,67,67,61,62,61,59,55,55,55,54,52,52,52,52,51,51,51,51,51,51,51,51,51,49,49,49,49,48,48,47,46,45,45,39,39,38,39,39,39,39,39,39,38,38,38,37,35,35,26,26,26,26,26,25,22,21,20
2024-02-19,72,71,70,70,69,69,69,69,69,69,69,69,69,69,69,69,69,68,68,68,67,67,67,67,67,67,67,67,67,67,66,65,65,65,65,65,65,65,65,66,65,62,62,62,62,62,62,62,62,62,62,62,62,62,62,62,62,62,61,61,60,60,59,59,59,60,59,58,57,57,57,57,57,57,57,57,57,57,57,57,54,53,52,52,51,51,51,50,50,50,50
2024-02-20,85,85,85,85,83,83,83,82,82,82,81,81,81,79,79,79,77,77,77,74,73,74,73,73,73,72,72,72,72,71,71,70,70,70,70,70,70,70,70,70,70,70,70,69,69,70,70,69,69,69,69,70,70,70,70,70,70,63,63,63,63,62,60,60,59,59,59,59,58,58,57,57,57,56,56,50,27,27,27,27,27,27,27,27,27,26,26,26,26,26,26
2024-02-21,40,40,40,40,40,40,40,40,40,40,36,36,36,36,33,27,27,26,26,26,26,26,21,19,18,18,17,17,17,17,17,17,17,16,16,16,16,16,15,14,14,14,14,14,14,14,14,14,14,14,14,14,14,14,14,14,14,14,14,14,14,14,13,13,13,13,13,13,13,11,11,9,9,8,8,8,8,7,7,7,7,7,7,7,7,7,7,7,7,7,7
2024-02-22,94,94,94,93,93,93,93,89,88,86,85,85,85,85,85,80,79,78,78,77,77,76,76,75,72,71,69,67,67,66,65,65,65,64,60,60,58,56,56,54,52,52,52,52,52,52,51,51,50,50,49,48,47,47,47,46,46,46,45,45,45,46,46,46,46,45,45,45,45,45,45,45,43,43,43,42,42,42,42,41,38,38,37,37,36,33,33,34,32,31,31
2024-02-23,166,166,165,164,163,161,155,155,154,153,150,150,150,150,150,148,136,136,135,134,129,129,128,127,125,116,113,113,113,113,113,113,112,111,107,102,96,93,93,90,89,86,82,81,81,81,81,80,80,80,79,79,78,78,77,77,76,76,76,76,76,76,74,74,73,73,73,73,73,72,72,72,72,67,65,64,64,64,62,58,57,54,54,50,50,50,48,48,48,48,47
2024-02-24,144,144,143,138,135,133,132,128,127,127,127,126,125,122,122,120,119,118,118,117,110,105,101,98,97,96,95,90,89,89,88,85,80,78,75,75,75,73,73,69,68,66,63,63,63,59,58,57,57,58,57,53,53,53,53,53,52,52,51,50,51,51,49,49,49,49,49,49,41,40,40,37,35,35,34,34,34,33,33,33,33,36,36,36,35,34,34,32,32,32,32
2024-02-25,91,91,90,89,89,89,89,89,89,89,86,86,86,85,84,84,82,82,82,82,82,79,78,78,77,76,75,73,72,71,70,69,68,67,66,66,64,64,64,64,64,62,62,59,60,59,57,57,57,55,54,54,54,54,54,54,54,53,53,52,52,52,51,50,49,48,38,38,33,32,32,31,31,30,29,28,28,28,27,27,27,27,26,26,26,25,25,24,24,24,24
2024-02-26,51,51,50,50,49,49,49,49,49,49,49,49,49,49,49,49,49,49,49,49,49,48,47,47,47,47,47,46,45,44,44,44,44,44,43,42,40,40,40,40,40,40,40,40,38,38,38,37,36,36,36,36,36,35,35,35,35,35,35,34,33,33,33,33,33,32,31,31,30,29,28,28,27,27,27,26,26,26,26,25,25,25,24,24,23,22,22,22,22,22,22
2024-02-27,40,40,40,40,40,40,40,40,40,40,40,40,40,40,40,38,38,38,38,38,38,38,38,37,37,37,37,37,39,39,38,37,37,37,36,33,31,31,31,31,30,28,27,27,27,27,27,27,27,27,27,27,26,26,26,26,25,25,25,25,25,25,25,25,25,25,25,25,25,25,23,23,23,23,23,23,23,23,23,21,21,21,21,21,21,21,21,21,21,20,20
2024-02-28,31,31,31,31,31,31,31,31,31,31,31,31,31,31,31,31,30,30,30,30,30,30,30,28,28,27,27,25,24,24,23,23,22,21,20,19,18,18,18,18,18,18,18,18,11,9,9,9,9,9,9,9,9,9,9,9,9,9,9,9,9,9,8,8,8,8,8,8,4,4,4,4,4,4,4,4,3,3,3,3,3,2,2,2,2,2,2,2,2,2,2
2024-02-29,55,55,55,55,55,55,55,55,55,55,55,55,53,53,53,53,53,50,50,50,50,50,50,50,50,49,49,48,47,47,45,45,44,43,43,43,43,43,43,43,43,43,33,33,33,33,32,32,32,30,30,30,30,30,30,30,30,30,30,30,30,30,30,30,30,29,29,29,28,28,27,27,7,7,6,6,6,6,6,6,5,5,5,5,5,5,4,5,5,5,5
2024-03-01,91,91,91,91,91,91,91,91,91,91,91,91,91,91,91,91,89,89,88,88,88,88,88,87,87,87,83,77,77,75,74,70,67,64,60,56,54,53,53,53,52,51,48,45,41,41,41,39,39,39,38,38,38,38,38,38,37,36,36,36,36,35,32,32,32,32,32,32,32,32,32,30,30,30,30,30,29,29,28,28,28,27,26,25,25,25,25,25,24,24,24
2024-03-02,161,161,161,161,161,161,161,160,160,160,160,160,160,158,156,155,154,151,151,147,146,146,145,145,144,144,144,141,140,138,135,134,131,119,111,101,88,79,73,71,70,70,70,69,64,64,64,64,64,64,64,63,62,59,59,57,55,55,54,53,54,54,54,54,54,54,53,52,52,52,51,51,51,51,50,47,46,46,44,44,41,41,41,37,37,37,37,37,37,30,30
2024-03-03,93,93,93,93,92,91,91,91,91,91,91,91,91,91,91,91,89,88,88,87,87,87,87,87,87,87,84,83,82,75,73,70,68,64,55,51,50,45,39,36,34,32,32,32,32,32,32,32,31,30,30,30,22,21,21,20,18,18,17,16,15,15,15,15,15,15,15,15,15,15,14,14,14,14,14,14,14,14,13,13,12,12,12,12,10,9,9,9,9,9,5
2024-03-04,50,50,50,50,49,49,48,48,47,47,47,47,47,47,47,45,45,45,44,44,44,44,44,43,43,43,43,43,43,39,36,36,36,35,32,32,30,27,22,21,19,14,14,14,14,14,13,12,11,11,11,11,11,10,11,11,11,11,11,11,11,11,11,11,11,11,11,11,11,11,11,11,11,9,9,9,9,7,7,7,7,6,6,6,6,6,6,6,6,6,6
2024-03-05,33,33,33,33,33,33,33,33,33,33,33,33,33,33,33,33,33,33,33,33,33,33,32,32,32,32,32,32,32,32,32,32,30,29,29,29,25,24,23,23,22,22,22,18,18,17,15,15,15,17,17,17,17,17,8,8,6,6,6,6,6,6,6,6,6,6,6,5,5,5,5,5,5,5,5,5,5,4,4,4,4,4,3,2,2,2,2,2,2,2,2
2024-03-06,57,57,57,57,57,57,57,57,57,57,57,57,57,56,56,56,56,56,56,55,55,53,52,52,52,52,52,51,51,51,51,51,51,50,50,50,50,49,45,44,44,42,41,41,41,41,41,41,39,37,37,37,37,37,37,37,17,17,17,17,11,11,11,11,11,11,11,11,11,11,11,11,11,11,11,11,11,11,11,11,11,11,11,11,11,11,11,11,11,11,11
2024-03-07,61,61,60,60,60,60,59,59,59,59,59,59,59,59,59,59,59,59,59,59,59,59,59,58,58,58,58,58,57,57,56,56,55,51,48,48,46,38,37,32,31,31,23,23,21,21,20,20,20,19,19,19,19,19,19,19,15,10,10,10,10,10,10,10,10,10,10,10,10,10,10,10,10,10,10,10,9,9,9,9,9,9,9,9,9,9,9,9,9,9,9
2024-03-08,125,125,125,125,125,125,125,125,125,125,125,125,125,125,125,125,125,125,125,125,124,124,123,116,113,112,112,108,108,108,108,107,107,107,106,100,97,97,93,91,86,69,64,59,54,52,47,46,45,45,45,45,45,45,45,41,41,41,40,40,40,37,37,37,36,36,36,36,36,35,35,29,29,37,37,37,37,36,35,35,34,34,34,34,35,34,34,23,23,21,20
2024-03-09,157,157,157,157,157,157,157,157,157,156,156,156,156,156,156,156,156,156,156,156,150,150,149,146,144,144,144,144,144,144,144,144,144,144,144,144,143,135,135,135,131,122,113,107,96,88,81,76,74,71,69,68,68,68,65,65,66,64,63,61,58,57,57,58,58,58,58,58,58,58,58,58,58,58,58,59,59,58,57,57,56,56,56,56,56,56,56,56,55,55,54
2024-03-10,98,98,98,98,98,98,97,97,97,96,94,94,94,94,94,94,94,94,94,94,94,90,88,88,88,87,87,87,86,85,81,80,80,80,80,79,79,79,77,76,66,63,58,60,53,48,41,38,38,36,35,34,33,33,33,33,33,33,33,33,33,32,32,32,32,32,32,32,32,32,32,32,32,32,32,32,31,28,27,27,27,26,26,26,24,23,23,23,23,23,23
2024-03-11,78,78,78,78,76,75,75,75,75,75,75,72,72,72,72,72,72,71,71,71,71,71,71,71,70,70,67,64,64,64,64,61,61,61,60,60,60,60,59,58,57,57,55,52,50,47,46,44,42,41,40,40,39,39,38,37,31,30,30,30,29,30,30,29,29,29,29,29,29,29,29,29,29,29,29,29,29,26,26,26,25,25,25,23,23,21,19,19,11,11,9
2024-03-12,60,60,59,58,58,58,58,58,58,57,56,56,53,52,52,52,52,52,52,52,49,49,47,47,47,47,47,47,46,46,46,46,46,46,46,46,46,46,46,44,33,33,26,21,18,18,16,15,14,14,14,14,14,14,14,14,14,14,14,14,13,13,9,9,8,8,7,7,7,7,7,7,7,7,7,7,7,7,7,7,7,7,7,7,6,6,6,6,4,4,4
2024-03-13,59,59,59,59,59,59,58,58,58,58,57,56,56,52,52,52,52,52,52,52,52,52,52,51,50,50,48,48,48,48,48,48,48,48,47,46,46,46,44,43,41,37,33,30,28,28,27,26,25,22,22,22,22,22,21,21,14,14,14,13,13,13,12,12,12,12,11,11,11,11,11,11,11,11,11,11,11,11,11,11,11,11,11,11,11,11,11,11,11,11,11
2024-03-14,46,46,46,45,45,45,45,45,45,45,45,43,43,43,43,43,43,43,43,43,43,43,43,43,41,41,41,41,41,41,41,41,41,41,41,41,41,41,41,38,38,36,32,31,26,25,23,23,22,20,18,18,16,16,16,16,12,12,11,11,11,11,11,11,11,11,11,11,10,10,10,10,10,10,10,10,10,10,9,9,9,9,9,9,9,9,8,7,6,6,6
2024-03-15,138,138,138,138,136,136,136,136,136,136,133,133,133,133,133,133,133,133,133,133,133,133,133,133,133,133,133,133,133,133,133,133,133,132,132,127,127,127,126,126,122,119,116,115,113,110,106,99,90,84,81,75,73,73,73,72,72,66,66,68,68,67,67,67,67,67,66,66,66,66,65,65,65,65,65,65,65,64,64,64,63,62,62,62,62,61,61,61,61,61,60
2024-03-16,144,144,144,144,144,142,138,134,134,134,134,134,134,134,134,134,132,131,128,128,128,128,127,126,126,126,126,125,125,123,123,123,123,123,123,123,117,117,115,115,114,105,102,93,92,88,86,79,63,57,49,41,30,27,26,26,27,26,26,26,26,26,26,26,26,26,26,26,26,26,26,26,26,26,26,26,26,26,26,26,26,26,26,26,26,26,25,25,25,25,24
2024-03-17,99,99,99,99,99,99,99,99,99,99,99,99,99,99,99,99,99,99,99,99,99,96,96,96,96,96,95,95,95,91,91,91,90,90,90,87,85,80,79,79,77,76,74,69,67,65,63,61,58,58,57,51,39,34,32,31,28,28,28,27,26,26,26,21,20,17,17,17,17,17,16,16,15,14,14,14,14,14,14,14,14,14,13,13,10,10,10,10,10,9,9
2024-03-18,61,61,61,61,61,61,61,61,61,61,61,55,55,54,54,54,52,52,50,50,50,50,50,50,48,46,46,46,46,45,43,43,43,43,43,43,42,42,42,42,41,41,40,38,37,36,35,35,28,27,24,20,18,16,15,15,15,15,15,15,15,15,15,15,13,13,13,13,11,11,11,11,11,11,11,11,11,11,11,11,11,11,11,11,11,10,10,10,10,10,10
2024-03-19,102,102,102,102,102,102,102,102,101,100,99,98,96,95,88,87,87,87,87,87,85,85,78,77,77,77,75,73,68,67,64,62,61,60,56,56,56,56,56,56,56,56,56,56,54,51,46,42,41,41,38,25,24,22,21,20,18,17,17,17,13,13,13,13,14,14,14,14,14,14,14,14,14,14,15,15,14,14,15,15,15,15,15,15,14,14,14,14,14,14,14
2024-03-20,84,84,84,84,84,84,84,84,84,84,84,84,84,78,78,77,77,77,77,77,77,67,67,65,64,58,56,51,51,50,50,46,45,44,44,44,43,43,40,39,37,36,36,36,36,36,34,33,29,28,27,22,18,18,16,15,15,14,14,14,14,14,14,14,14,16,16,16,16,16,16,16,16,16,16,16,16,16,16,16,16,16,16,16,16,16,16,16,16,16,16
2024-03-21,84,84,84,84,84,84,84,84,84,84,84,84,84,84,80,80,79,78,78,76,75,75,75,74,72,72,70,67,66,66,65,64,63,61,60,59,58,58,57,55,55,55,55,55,55,55,53,50,46,44,43,41,37,35,32,29,27,26,26,26,26,26,25,25,25,23,23,23,23,23,23,23,22,21,21,21,21,21,20,20,20,20,20,20,20,20,20,20,20,20,20
2024-03-22,149,149,149,149,149,149,149,149,149,149,149,149,148,148,145,132,132,132,132,132,131,131,130,127,127,126,126,124,124,123,123,123,122,122,122,122,122,121,121,121,121,120,118,118,116,116,116,112,108,103,103,101,100,92,84,83,82,75,60,58,58,58,56,56,56,56,50,50,49,49,49,49,49,49,49,49,48,48,48,47,47,46,46,46,46,46,46,46,46,46,46
2024-03-23,175,175,175,175,175,175,175,175,175,175,175,175,174,171,165,163,159,159,159,159,159,159,159,159,159,159,159,159,159,159,159,159,159,158,158,158,158,158,158,158,158,154,151,151,151,148,147,145,143,142,130,127,126,120,119,111,101,96,87,82,79,79,78,75,75,74,74,72,70,68,65,63,63,63,62,56,56,56,56,56,54,54,54,54,45,44,44,44,43,43,43
2024-03-24,128,128,128,128,127,127,127,124,124,124,124,124,124,121,118,118,118,118,118,118,118,118,118,118,118,118,118,118,118,118,118,118,118,118,118,118,117,117,117,117,117,117,116,115,112,111,110,110,110,99,93,89,88,85,85,85,82,77,67,54,50,45,45,44,44,44,44,44,44,44,42,42,41,39,39,39,39,37,37,37,37,37,37,37,37,37,36,31,31,31,31
2024-03-25,72,72,72,72,72,72,72,72,72,65,65,65,65,65,65,65,65,65,63,63,63,63,63,63,63,63,63,63,63,63,63,63,61,61,61,60,60,60,60,59,58,57,56,55,55,51,51,51,51,50,47,41,41,41,41,41,36,31,31,26,22,21,17,16,16,16,16,14,14,14,14,14,14,13,13,13,13,13,13,13,13,13,13,13,13,13,13,13,13,13,13
2024-03-26,65,65,65,65,65,64,63,62,61,58,55,53,51,51,51,51,47,40,40,40,40,40,40,40,40,40,40,39,39,39,39,39,39,38,38,38,38,38,38,38,38,38,38,38,38,37,37,37,35,34,34,32,31,25,23,23,23,22,19,19,19,15,11,10,10,7,7,7,7,6,6,6,6,6,6,6,6,6,6,6,6,6,6,6,6,6,6,6,5,5,5
2024-03-27,104,104,102,102,102,101,101,101,99,99,99,99,99,99,99,99,99,97,91,91,64,64,64,64,64,64,64,64,64,64,64,64,63,63,63,63,63,63,63,63,63,62,58,58,57,57,57,57,55,55,54,54,51,51,48,47,47,45,42,33,32,30,29,26,24,23,23,23,23,23,23,23,23,23,23,23,23,23,23,23,19,18,18,18,18,18,17,17,17,17,17
2024-03-28,161,161,156,152,149,147,146,144,142,131,130,122,117,116,110,104,100,99,96,94,92,88,88,86,86,86,86,86,86,85,84,81,81,81,81,80,80,80,79,79,79,78,78,77,77,76,75,74,74,72,72,66,66,64,63,61,60,59,54,47,37,35,32,30,30,29,28,28,28,28,28,28,28,27,26,26,24,24,24,24,23,23,22,22,22,22,22,22,22,22,22
2024-03-29,158,158,157,153,149,141,140,138,137,135,132,129,122,116,113,109,109,109,109,109,109,109,109,109,109,109,109,109,109,109,109,109,109,109,109,109,109,109,106,103,101,101,100,100,92,90,87,86,84,84,83,83,83,82,78,76,76,75,75,72,64,56,53,48,40,36,34,34,34,34,34,34,33,33,32,32,32,32,30,27,26,26,25,24,24,23,23,23,23,23,22
2024-03-30,181,181,181,173,169,168,163,160,157,153,150,150,150,147,147,147,147,147,147,138,138,138,138,138,138,138,138,138,138,138,138,138,138,138,138,138,138,138,138,137,121,121,120,120,120,120,120,120,120,120,120,120,120,120,120,118,117,117,116,115,114,107,95,82,74,62,54,53,53,52,51,49,49,48,48,48,48,48,46,45,44,38,38,38,38,34,27,26,26,25,25
2024-03-31,132,132,130,128,127,126,125,124,122,119,119,119,119,119,115,113,113,113,113,111,110,109,108,107,105,104,104,104,104,104,104,103,103,103,103,101,101,100,100,99,99,99,97,96,93,89,85,83,79,75,74,73,72,72,72,71,67,61,60,55,51,47,47,45,45,41,38,37,35,35,35,34,32,32,32,32,32,32,32,32,32,32,32,32,31,30,30,30,30,30,30
2024-04-01,110,110,109,107,105,104,104,102,100,99,94,92,89,85,84,81,78,77,76,74,72,72,72,71,66,63,63,63,63,63,63,62,62,62,57,57,57,57,51,48,48,48,48,48,48,48,48,48,47,47,47,47,47,47,47,47,46,45,44,44,43,43,31,25,24,23,22,20,20,20,19,19,18,18,18,18,18,18,18,18,18,18,17,17,17,17,17,17,17,17,17
2024-04-02,85,85,85,85,85,82,82,78,77,77,77,77,74,74,74,71,69,63,63,61,55,51,51,49,49,37,34,34,34,34,34,33,33,33,33,29,29,26,24,20,20,19,19,17,16,16,14,14,14,14,14,11,11,11,11,11,11,11,11,11,11,10,8,6,6,6,6,6,5,4,4,4,4,4,3,3,3,3,3,3,3,3,3,3,3,3,3,3,3,2,1
2024-04-03,86,86,86,86,86,86,86,86,85,83,82,81,79,74,74,72,68,66,66,64,62,56,52,51,50,48,43,37,37,37,36,36,36,27,27,27,27,27,23,22,20,18,18,18,18,18,17,17,17,17,17,17,17,17,17,17,17,16,16,16,16,16,15,14,14,14,13,13,13,11,11,11,11,11,11,11,11,11,11,11,11,11,11,11,11,11,11,11,11,11,11
2024-04-04,95,95,94,94,94,94,94,94,94,93,91,85,84,82,80,80,76,73,69,67,64,61,60,60,46,46,44,44,41,40,40,40,40,40,40,40,40,39,39,39,39,39,38,38,38,36,36,35,35,35,33,33,32,32,29,29,29,29,29,28,28,27,26,25,25,25,25,22,22,22,21,20,20,18,18,18,18,18,18,18,18,18,18,18,18,18,18,18,18,18,18
2024-04-05,130,130,130,130,130,130,130,130,130,130,127,124,119,114,113,113,109,101,97,94,90,88,88,88,88,88,88,88,87,85,85,85,85,85,85,85,85,85,85,85,85,85,82,81,81,80,77,76,76,76,76,66,66,66,65,65,65,65,65,65,62,60,58,54,53,53,49,47,38,34,27,23,23,21,21,22,20,20,20,19,19,19,19,19,19,19,19,19,19,19,19
2024-04-06,145,145,145,144,144,144,142,142,142,142,142,139,136,133,132,128,125,112,106,106,106,106,106,106,106,106,106,106,106,106,106,106,106,106,106,105,105,105,105,104,103,103,102,102,102,102,100,97,95,95,94,92,90,89,88,88,88,88,88,88,88,88,82,78,78,76,76,66,60,53,52,40,25,16,11,11,11,10,8,8,8,8,8,7,7,7,6,6,5,5,5
2024-04-07,100,100,100,100,98,98,98,98,98,98,98,98,96,92,90,87,85,82,78,75,71,70,70,68,67,64,64,64,64,64,64,53,53,53,53,52,52,52,52,52,52,50,48,47,47,46,46,46,46,46,45,45,45,43,43,43,43,43,43,43,43,43,43,42,37,35,34,32,31,24,22,20,16,12,9,9,9,9,9,9,9,8,8,9,8,8,8,8,8,8,8
2024-04-08,99,99,99,99,99,99,99,98,98,98,98,98,97,95,95,93,93,90,89,89,88,88,87,86,84,82,80,79,79,78,75,65,56,51,51,49,49,49,49,46,45,43,40,40,40,40,40,40,40,40,40,40,40,40,40,40,40,40,39,39,39,39,39,39,38,36,35,34,34,31,30,29,28,26,23,22,21,20,20,20,18,18,18,18,18,17,17,17,17,16,16
2024-04-09,70,70,70,70,70,70,70,70,70,70,70,70,70,70,70,68,67,66,65,65,65,65,65,64,63,63,63,61,58,57,56,56,46,42,42,39,32,30,30,30,30,28,22,22,22,22,22,22,20,20,18,17,17,16,14,14,14,12,12,12,12,12,12,12,12,11,11,11,11,9,9,8,7,7,5,4,4,4,3,2,2,2,2,2,2,2,2,2,2,2,2
2024-04-10,115,115,115,115,115,115,115,115,115,115,115,115,115,115,115,109,108,107,106,106,103,103,102,102,99,98,98,96,94,91,91,87,86,76,71,71,71,71,71,71,64,61,61,61,59,59,59,58,58,58,58,53,50,50,50,50,50,49,49,49,49,49,49,49,49,48,46,45,14,13,12,11,11,10,10,7,4,2,2,2,2,2,2,2,2,1,1,1,1,1,1
2024-04-11,101,101,101,101,101,101,101,101,100,99,96,95,93,92,92,91,89,87,87,86,85,84,84,84,84,83,81,81,75,70,69,67,66,65,55,54,54,54,54,54,54,54,54,45,45,45,45,45,42,41,40,40,40,40,39,38,38,38,38,38,38,38,38,38,38,36,36,32,31,31,30,28,28,22,20,20,19,17,17,17,17,17,17,17,17,17,17,17,17,17,17
2024-04-12,151,151,151,151,151,151,151,151,151,151,151,151,150,150,150,150,150,149,148,148,146,144,136,136,132,130,129,128,127,126,117,115,114,114,109,97,93,88,86,85,81,81,81,81,80,78,78,76,75,75,75,75,75,71,71,71,69,69,69,69,68,68,68,67,67,67,67,67,67,67,67,66,65,68,65,57,50,40,35,34,32,31,31,31,31,31,31,31,31,31,32
2024-04-13,163,163,163,162,161,156,153,151,151,151,151,151,151,151,150,150,150,150,144,128,123,121,113,113,110,104,104,98,93,92,91,86,81,81,81,81,81,81,81,81,81,81,80,80,80,79,76,76,76,76,76,76,76,76,76,76,76,76,76,76,76,76,76,76,76,76,76,76,76,76,76,76,76,76,73,72,69,61,47,45,42,37,36,35,35,34,33,33,32,32,30
2024-04-14,127,127,126,126,123,119,116,115,114,112,110,110,110,110,110,110,110,110,110,107,105,105,105,105,105,105,105,105,105,105,105,105,105,105,105,105,105,84,82,81,81,81,81,79,79,79,79,79,79,78,76,76,76,76,76,75,73,73,73,73,71,71,70,70,69,69,69,69,69,67,63,59,47,45,45,43,41,33,33,27,26,25,22,22,22,22,22,22,22,22,22
2024-04-15,127,127,126,125,123,121,121,119,119,117,116,116,116,116,116,116,115,115,115,115,110,108,105,104,102,101,101,96,95,95,90,88,86,85,81,80,80,80,74,64,64,64,62,60,58,58,58,55,53,52,51,51,51,45,45,45,44,44,44,44,44,44,44,43,43,43,43,43,43,43,43,43,42,42,42,42,41,41,38,36,34,33,31,30,30,30,30,29,29,28,28
2024-04-16,110,110,109,109,108,108,108,108,108,108,106,106,106,105,105,104,97,97,97,97,91,90,87,87,85,85,84,83,79,78,77,75,71,71,68,67,67,67,65,49,40,39,38,37,36,34,33,32,32,30,30,29,29,28,28,28,27,26,26,26,20,20,19,19,19,19,19,19,19,19,19,19,18,18,18,17,17,16,15,15,15,15,14,14,14,14,14,14,14,14,14
2024-04-17,100,100,99,99,99,99,97,94,94,93,93,92,92,92,90,89,89,88,88,88,80,80,80,77,77,76,75,75,74,74,72,70,68,66,63,57,52,52,51,47,40,37,34,34,34,34,34,34,34,34,34,33,33,32,32,30,29,29,27,27,27,27,24,24,24,24,24,24,24,24,24,24,24,23,22,21,18,17,16,14,12,10,8,8,7,7,7,7,7,7,7
2024-04-18,149,149,149,149,149,149,148,145,145,145,144,144,143,142,139,138,136,134,134,127,127,122,120,120,102,102,101,99,95,95,94,94,92,92,91,86,80,76,76,74,74,65,60,59,59,56,55,55,55,54,53,53,48,48,48,48,48,48,47,39,39,37,37,37,37,37,37,37,37,37,31,29,29,29,27,27,27,27,27,26,23,21,21,14,13,11,9,9,9,9,9
2024-04-19,152,152,152,152,151,151,151,150,147,146,146,145,144,144,143,142,142,142,142,142,141,140,135,134,131,128,127,121,116,116,116,116,115,111,111,111,111,111,111,111,111,111,111,103,101,101,101,101,101,101,101,96,95,95,95,95,95,94,94,94,94,86,86,86,86,85,85,85,84,83,83,83,82,81,79,76,72,72,71,71,70,65,64,62,53,50,48,43,43,43,43
2024-04-20,159,159,158,158,154,151,151,151,150,150,150,148,148,148,148,148,148,148,148,148,148,147,147,138,138,134,134,131,124,123,119,119,111,104,103,103,103,103,103,103,103,103,103,103,103,103,103,103,103,103,103,102,102,102,102,102,101,101,101,101,101,101,101,101,101,101,101,101,101,101,101,101,101,101,101,101,99,90,87,87,85,66,63,63,50,43,35,21,13,11,11
2024-04-21,146,146,144,143,143,142,140,140,139,139,137,136,135,135,135,134,129,129,129,129,129,127,127,126,119,119,115,114,112,111,110,110,109,107,105,103,101,100,97,95,95,95,94,93,85,81,81,81,81,81,79,78,72,72,72,72,72,71,71,71,71,70,70,69,67,67,67,66,66,66,66,66,66,66,65,62,62,57,54,53,52,46,42,39,38,37,35,26,25,23,22
2024-04-22,97,96,95,94,94,94,93,85,82,79,75,73,73,73,72,72,72,72,71,71,71,71,71,71,71,71,71,70,69,68,67,65,64,64,63,61,57,56,55,54,53,52,51,51,44,37,31,31,31,31,31,31,30,29,29,29,29,29,29,28,28,28,28,28,28,27,27,27,27,27,27,27,27,27,27,27,27,27,27,25,25,22,22,21,20,18,16,16,7,2,2
2024-04-23,111,111,111,111,110,110,110,110,106,104,104,103,101,101,98,98,98,96,96,94,93,88,87,87,87,87,84,84,82,79,79,79,79,79,75,75,73,70,69,62,54,46,41,41,40,39,31,23,22,21,21,21,21,21,21,17,16,16,16,16,16,16,16,16,16,16,16,16,16,16,16,16,16,16,16,16,16,16,16,16,16,16,16,16,16,12,12,12,12,11,11
2024-04-24,75,75,75,74,73,73,73,73,70,70,70,70,69,68,68,67,66,66,65,65,64,61,60,56,56,56,56,56,55,55,53,53,52,51,50,50,49,49,45,45,45,45,43,40,40,38,34,28,21,21,19,18,18,18,18,18,18,18,17,17,15,15,15,13,13,13,13,13,13,13,13,13,12,12,12,12,12,11,11,11,11,11,11,11,11,11,7,6,4,4,2
2024-04-25,107,107,106,106,106,106,106,106,106,104,104,104,104,103,103,101,100,95,95,95,91,91,91,91,87,87,87,87,87,87,87,85,85,85,83,81,80,79,78,74,73,73,71,65,63,63,63,61,55,45,44,42,42,42,42,42,41,38,38,38,38,38,37,31,27,27,27,27,27,27,25,25,25,25,25,23,23,23,13,13,13,13,11,11,11,11,9,9,9,9,7
2024-04-26,136,136,136,136,136,136,136,136,133,133,132,130,124,123,122,122,122,122,122,122,122,122,122,121,121,116,116,116,116,116,116,113,112,112,111,111,110,110,107,99,96,96,96,93,88,85,85,84,81,65,52,50,50,42,41,41,41,41,41,40,39,39,38,38,38,38,37,36,36,36,34,34,30,30,30,30,30,29,29,29,28,28,28,27,26,26,25,25,25,23,22
2024-04-27,171,170,170,167,162,159,157,156,155,154,154,152,152,152,150,150,150,149,147,142,137,135,135,134,133,132,119,119,118,118,117,115,113,110,106,104,102,99,99,94,90,90,85,83,82,79,78,77,76,69,67,63,61,54,50,49,45,45,45,45,44,44,44,43,43,43,43,42,42,42,41,41,41,39,39,39,38,38,38,37,36,35,34,34,33,26,23,23,23,23,22
2024-04-28,183,183,181,180,179,179,177,175,175,172,172,169,167,166,161,160,159,158,156,149,146,145,141,131,131,130,126,117,117,117,117,117,117,116,115,113,110,108,105,102,99,98,97,95,94,93,89,86,83,78,74,74,73,72,67,67,63,62,62,61,61,59,57,56,55,52,50,50,50,50,50,48,46,46,45,45,45,40,39,37,37,37,36,36,36,32,32,32,32,32,31
2024-04-29,108,108,107,107,104,103,103,101,100,100,100,100,100,100,100,100,100,98,98,96,95,94,94,93,90,88,88,88,84,83,83,83,83,80,79,75,75,73,72,72,70,68,66,65,63,63,61,58,57,56,55,49,48,47,47,46,46,46,45,44,42,42,41,38,37,35,35,35,35,35,35,35,34,34,34,34,34,34,34,34,34,34,34,34,34,34,33,33,33,33,32
2024-04-30,110,110,108,105,97,95,93,93,93,93,93,93,93,93,93,93,93,87,84,83,83,82,79,77,76,75,75,72,72,70,70,70,69,66,64,61,59,57,54,51,51,48,45,44,42,41,40,38,37,34,34,33,29,29,26,26,25,25,25,24,24,24,24,24,24,24,24,24,24,24,23,23,21,20,20,20,20,20,20,20,20,20,20,19,17,17,17,17,14,14,14
2024-05-01,129,129,129,128,128,128,127,127,126,124,124,122,121,121,120,119,117,114,114,112,111,110,106,102,98,93,88,85,79,77,75,74,71,71,70,69,68,68,64,62,59,57,56,56,54,53,52,49,46,40,39,39,39,33,31,30,27,27,27,27,27,27,27,27,24,22,21,20,20,18,18,18,18,18,17,17,17,17,17,16,16,15,15,14,14,14,14,13,13,13,12
2024-05-02,155,155,154,154,154,154,153,152,150,150,149,149,149,149,148,146,145,143,143,142,137,135,135,133,126,123,116,113,107,107,104,101,101,99,98,95,93,91,91,89,87,87,85,80,79,78,75,72,70,68,60,56,55,53,53,51,49,45,43,43,42,40,38,38,38,38,38,37,37,36,36,36,35,34,34,29,27,26,26,26,26,23,23,23,22,21,20,20,19,17,17
2024-05-03,206,206,206,205,201,201,199,199,198,198,198,197,197,197,197,197,197,197,197,196,190,189,189,188,180,172,167,162,160,142,140,140,140,140,140,140,140,138,132,131,127,124,121,120,120,115,113,110,104,102,101,101,100,98,96,92,90,89,89,89,86,83,82,82,80,78,78,77,71,71,71,68,67,65,65,63,63,59,50,49,49,48,47,40,39,39,39,37,37,37,37
2024-05-04,196,196,196,196,196,191,188,188,188,188,188,188,185,183,180,180,180,180,177,171,170,165,164,164,164,159,154,144,141,138,136,134,134,133,129,128,127,124,114,109,103,100,97,93,91,90,84,81,79,75,74,69,68,66,66,66,63,62,60,56,56,55,52,52,52,50,49,49,49,44,44,44,44,43,41,41,39,35,32,32,32,32,32,32,29,29,29,29,29,29,29
2024-05-05,133,133,133,132,132,132,127,124,124,121,119,117,113,112,109,105,103,101,101,96,91,86,86,81,81,77,75,72,71,69,66,64,62,59,59,59,56,55,51,51,50,45,44,42,42,39,39,38,37,36,31,31,31,31,31,31,29,25,24,24,24,24,23,22,20,20,20,19,19,19,19,19,18,18,18,18,18,17,16,16,16,16,14,10,10,10,10,10,10,10,10
2024-05-06,45,44,44,43,43,43,43,39,39,39,38,37,36,34,34,33,33,33,33,33,33,33,33,33,33,33,33,32,30,29,28,26,26,25,24,21,20,20,20,19,19,19,19,18,18,18,18,17,16,15,15,15,15,15,14,14,14,13,12,11,10,10,10,10,10,10,10,10,10,10,10,10,10,10,9,9,9,9,9,9,9,9,8,8,8,8,7,7,5,5,5
2024-05-07,0,0,0,0,0,0,0,0,0,0,0,0,0,0,0,0,0,0,0,0,0,0,0,0,0,0,0,0,0,0,0,0,0,0,0,0,0,0,0,0,0,0,0,0,0,0,0,0,0,0,0,0,0,0,0,0,0,0,0,0,0,0,0,0,0,0,0,0,0,0,0,0,0,0,0,0,0,0,0,0,0,0,0,0,0,0,0,0,0,0,0
2024-05-08,15,15,15,15,15,15,15,15,15,15,15,15,15,15,15,15,15,15,15,15,15,15,14,13,13,13,13,13,13,13,12,12,12,12,12,12,12,12,12,12,12,12,12,12,12,12,11,11,11,11,11,11,11,11,11,11,11,10,10,10,10,10,10,10,10,10,10,10,10,10,10,10,10,10,10,10,10,10,10,10,10,10,10,9,9,9,9,9,9,9,9
2024-05-09,70,70,70,70,70,70,70,70,68,68,67,65,65,65,65,64,64,63,62,59,58,57,57,54,54,53,53,52,51,51,50,50,49,49,48,47,47,47,46,46,46,46,46,46,45,45,45,43,43,43,42,42,41,41,41,41,31,31,31,30,30,25,25,23,23,22,22,22,22,22,22,21,21,21,21,21,21,21,21,21,21,21,21,21,21,20,20,20,20,20,20
2024-05-10,101,101,101,101,101,101,101,101,101,101,101,101,99,99,98,97,92,92,90,87,87,87,86,86,85,78,78,77,75,73,73,70,68,68,68,68,68,68,68,68,68,68,68,67,66,66,66,64,63,62,61,61,61,59,58,54,54,54,54,53,52,51,47,47,44,43,43,42,42,42,41,40,37,36,36,35,31,30,29,29,29,29,29,29,29,29,29,29,29,29,29
2024-05-11,127,127,127,127,127,127,127,127,127,127,127,127,127,127,127,126,126,125,125,124,123,121,119,118,117,115,114,110,110,108,107,107,107,98,97,97,97,97,97,97,97,97,97,97,97,96,96,96,94,93,92,90,88,85,84,81,80,80,77,73,73,72,71,71,71,60,60,60,49,49,48,48,48,48,47,47,46,45,44,41,39,39,39,39,39,21,21,21,21,21,21
2024-05-12,90,90,90,90,90,90,90,90,90,90,90,90,90,90,90,89,89,89,81,81,78,77,75,72,72,72,72,71,71,71,71,71,71,70,67,67,67,67,67,67,67,67,67,67,67,67,67,66,66,66,64,63,63,63,62,62,61,61,61,60,58,57,54,54,53,45,26,24,23,22,22,22,22,21,15,15,15,13,12,12,12,12,12,12,12,12,12,11,11,8,8
2024-05-13,67,67,67,67,67,67,67,67,67,67,67,67,67,67,65,64,63,63,59,55,54,53,51,49,47,47,47,46,45,43,43,43,42,42,40,39,38,37,37,37,37,37,37,37,37,37,34,34,34,34,33,32,30,30,30,30,27,27,27,27,24,20,20,20,20,19,16,16,16,16,16,14,13,12,11,11,11,11,11,11,11,11,11,11,9,9,9,9,9,9,8
2024-05-14,57,57,57,57,56,56,56,56,56,56,56,56,56,56,56,55,51,49,49,48,47,47,41,41,40,40,40,40,38,36,34,34,32,30,30,27,23,22,21,21,20,18,18,15,15,15,15,14,14,14,14,13,13,12,12,12,12,12,11,9,9,8,7,6,6,5,5,4,4,4,4,4,3,3,3,3,3,3,3,3,3,3,3,3,2,2,2,2,2,2,2
2024-05-15,85,85,85,85,85,85,85,85,85,85,85,85,85,85,84,82,81,80,80,80,79,78,77,77,76,76,74,74,74,73,72,69,69,68,68,68,67,66,66,65,64,63,60,60,58,58,58,58,57,56,56,56,54,53,52,52,52,48,47,45,43,42,33,32,32,32,32,29,29,29,28,28,28,28,27,27,27,27,27,27,25,25,25,25,25,11,11,11,11,11,11
2024-05-16,90,90,87,86,86,86,86,86,86,86,86,83,83,83,83,83,83,80,80,80,80,79,77,77,73,72,71,70,70,69,67,67,65,62,61,58,58,55,52,50,49,49,47,45,45,43,41,41,41,41,41,40,39,39,39,39,38,38,35,34,29,27,27,14,14,13,13,13,12,12,10,10,10,10,10,10,9,9,9,9,9,9,9,8,8,7,7,7,7,6,6
2024-05-17,139,139,139,138,137,136,136,135,134,134,134,133,133,132,132,132,132,132,132,130,130,130,130,129,123,123,121,121,120,119,119,118,115,115,112,110,104,104,101,99,97,96,95,93,93,92,92,92,92,92,88,86,86,85,84,80,79,79,79,75,72,71,65,63,63,60,59,59,59,55,51,50,50,50,49,46,42,40,40,38,33,32,32,32,32,32,32,32,30,30,30
2024-05-18,130,130,130,129,128,128,127,127,127,126,125,125,125,125,125,125,125,125,125,122,121,121,120,119,118,116,116,116,116,116,116,116,116,116,116,115,114,113,111,107,104,104,103,101,101,97,89,89,86,86,86,86,85,84,83,83,83,83,83,83,81,73,73,67,67,67,66,64,64,64,63,63,61,57,52,52,52,52,52,52,49,49,49,49,49,47,47,45,45,44,42
2024-05-19,95,95,95,95,94,94,93,93,92,91,90,89,88,88,88,88,88,88,88,88,88,88,88,88,88,88,88,88,88,88,88,88,88,84,83,82,81,81,81,81,78,76,76,74,72,71,71,71,70,70,70,70,64,63,62,62,58,57,56,56,53,48,47,45,44,43,39,39,39,39,38,36,35,29,28,26,26,24,23,23,23,23,23,23,23,22,22,22,22,22,22
2024-05-20,85,85,85,85,85,85,83,82,82,81,80,79,77,76,76,76,76,76,76,75,75,75,75,74,74,73,73,73,73,72,72,71,71,71,68,66,65,65,65,64,63,61,59,59,59,59,59,55,55,53,53,53,53,53,53,53,53,52,52,51,51,51,51,49,46,45,44,40,19,19,19,19,19,18,18,18,18,18,17,17,16,16,16,16,16,16,16,16,16,5,4
2024-05-21,67,67,67,67,67,67,67,67,67,67,67,67,67,67,67,67,67,67,66,65,64,64,63,63,61,61,61,57,56,51,51,48,46,42,42,41,39,38,38,36,35,34,33,33,33,33,33,33,33,33,33,33,33,33,32,29,28,27,27,27,27,27,26,26,26,25,23,23,9,9,9,9,9,9,9,9,9,9,9,9,9,9,9,9,9,9,9,9,9,9,9
2024-05-22,48,48,48,48,48,48,48,46,45,45,45,45,45,45,44,44,44,44,43,43,43,43,43,40,39,36,36,29,29,28,28,28,27,27,27,26,26,26,26,26,25,23,23,22,20,20,20,20,20,20,20,20,20,20,20,18,17,15,15,14,14,14,14,14,14,13,12,11,11,9,8,7,7,7,7,7,7,5,5,5,5,5,5,5,3,3,3,2,2,2,2
2024-05-23,64,64,64,64,64,64,63,63,62,62,62,62,62,62,62,62,62,62,62,62,62,60,60,60,56,56,56,56,53,52,51,50,50,50,50,50,50,49,49,48,48,46,45,42,39,37,37,36,36,35,34,32,32,32,31,31,30,30,29,25,25,25,25,25,25,17,16,15,15,15,11,10,10,10,9,8,8,8,8,8,7,7,5,5,5,5,5,5,5,5,5
2024-05-24,100,100,100,100,100,100,100,100,99,98,95,92,92,90,89,89,89,89,89,88,88,88,88,88,88,88,88,88,88,88,88,87,86,85,84,84,84,84,81,79,76,76,75,73,68,68,64,64,64,63,62,61,61,61,60,60,60,56,56,56,56,54,51,50,50,49,48,47,46,45,44,42,40,39,39,37,36,36,35,34,27,27,26,26,26,26,26,25,25,25,24
2024-05-25,150,150,149,148,148,147,147,145,145,143,143,141,139,137,136,136,133,130,130,128,127,126,126,120,119,118,117,117,117,117,117,116,116,111,111,110,109,103,103,101,100,100,100,97,94,94,94,90,90,88,82,80,80,79,77,76,76,75,75,73,72,72,68,68,67,59,58,55,52,51,48,48,45,41,41,41,41,41,37,37,37,37,37,37,37,37,37,36,36,36,36
2024-05-26,128,128,127,122,119,118,115,113,113,112,112,112,111,111,110,109,108,108,108,104,104,104,103,102,102,101,99,99,99,99,99,98,96,96,96,96,96,94,92,92,90,90,89,83,78,78,78,78,78,77,74,72,71,71,70,69,69,68,68,67,67,67,65,65,65,65,60,60,56,55,52,51,50,44,44,44,44,44,43,42,22,22,22,22,22,21,21,20,20,20,20
2024-05-27,89,89,86,86,86,86,85,85,85,84,84,84,78,78,77,77,76,75,75,72,70,69,68,66,66,66,66,66,66,66,65,59,58,56,54,53,52,52,51,50,48,48,46,46,46,42,41,40,38,38,38,38,37,36,36,35,33,33,33,33,33,32,32,31,21,21,21,21,20,19,19,19,19,19,19,19,19,19,19,19,19,19,19,19,19,19,18,18,17,17,17
2024-05-28,63,63,63,61,61,61,61,61,60,60,59,56,56,50,50,50,50,48,48,46,45,45,45,45,45,45,45,45,45,45,45,45,45,45,45,45,45,45,45,45,44,44,44,43,43,43,39,39,39,39,39,39,39,38,36,34,34,34,34,34,34,33,33,33,33,33,33,33,32,28,27,27,27,26,26,26,25,25,25,24,21,21,21,21,21,21,21,18,18,18,18
2024-05-29,72,72,70,69,69,69,67,67,66,66,66,65,64,63,60,58,54,52,52,51,50,49,44,43,43,42,41,40,39,39,38,38,36,34,33,33,33,33,33,33,33,33,33,33,33,33,33,31,31,30,28,25,25,25,24,24,23,23,23,23,23,23,21,21,21,21,6,6,6,6,6,6,6,6,6,5,5,4,4,4,4,4,4,4,4,4,4,4,4,4,4
2024-05-30,64,64,64,64,64,64,64,64,62,61,61,61,61,61,60,58,57,55,53,52,52,52,50,48,46,46,46,46,46,46,46,45,45,43,40,37,36,35,35,34,33,33,33,32,32,32,31,31,31,30,29,29,28,27,26,25,17,16,16,16,16,13,11,10,9,9,8,8,8,8,8,7,7,6,6,6,6,6,6,6,6,5,5,5,5,5,5,5,5,5,5
2024-05-31,88,88,88,85,85,85,85,85,85,82,82,80,79,78,77,77,76,76,76,76,76,73,73,73,73,73,73,73,73,73,73,73,73,73,73,73,72,72,72,72,72,72,72,71,70,60,58,57,52,52,51,50,47,44,44,44,44,44,44,44,44,44,43,43,40,36,31,30,28,27,26,26,26,26,24,21,18,17,12,11,10,10,10,10,10,9,8,7,7,7,7
2024-06-01,122,122,121,121,118,118,117,116,114,113,112,111,109,109,109,108,104,102,101,101,100,96,96,96,93,91,91,89,89,89,89,88,86,72,72,71,71,69,65,64,60,59,59,59,59,59,59,59,59,59,59,59,55,54,53,53,53,51,47,47,47,47,47,47,47,47,45,41,41,38,33,31,31,28,28,28,28,28,27,27,24,24,24,24,21,20,19,18,18,18,18
2024-06-02,100,100,100,100,100,98,98,98,98,95,94,93,93,89,87,85,85,84,84,84,83,82,82,80,79,78,78,78,78,78,78,78,78,78,78,78,78,78,77,76,75,75,73,72,69,67,67,66,66,66,65,64,63,59,57,55,55,54,52,52,50,50,50,49,48,48,48,45,45,45,45,45,39,39,38,38,38,38,37,36,29,28,28,28,28,28,28,28,28,28,28
2024-06-03,71,71,71,70,70,70,66,66,66,63,62,60,58,56,56,56,55,55,55,54,54,52,51,50,49,48,48,45,45,45,45,45,43,42,42,41,41,41,40,40,40,40,40,40,39,39,39,39,39,38,38,38,38,37,37,37,36,36,36,36,35,35,35,35,35,33,33,33,33,33,33,32,32,32,32,32,32,31,30,30,30,30,30,30,30,30,30,30,29,29,29
2024-06-04,101,101,99,99,99,99,99,98,93,93,93,91,88,86,80,78,77,76,75,75,74,74,74,74,74,74,74,72,70,70,70,70,70,69,68,68,67,67,67,66,65,65,65,65,65,65,65,63,63,63,53,53,53,41,41,41,40,40,40,40,40,40,39,39,39,39,39,38,38,37,37,37,36,36,35,35,34,16,16,16,16,16,12,11,11,11,11,11,10,10,10
2024-06-05,67,67,65,64,62,61,61,57,55,54,54,52,52,52,52,52,50,50,50,50,50,48,46,41,40,40,40,39,39,38,38,35,35,35,35,35,35,35,35,35,35,34,33,33,27,27,27,27,27,26,26,24,24,24,21,20,20,18,18,17,17,17,17,13,13,13,13,13,13,11,11,11,11,10,10,10,10,10,10,10,10,9,9,9,9,9,9,9,9,9,9
2024-06-06,93,93,93,93,93,92,91,91,91,91,90,90,90,90,90,90,89,89,89,88,88,87,87,87,85,85,84,83,82,80,79,79,78,78,77,76,75,75,75,75,75,75,74,74,74,74,72,71,70,69,69,69,69,69,69,60,60,60,60,60,60,60,51,51,51,51,50,50,50,50,50,50,50,50,49,48,47,47,47,46,45,44,43,42,37,37,36,36,36,36,36
2024-06-07,128,128,128,128,127,124,123,123,122,121,120,119,118,117,117,115,115,114,113,113,112,110,110,107,103,103,102,101,101,99,97,95,94,93,93,93,93,93,93,93,93,92,92,92,92,92,92,92,92,91,91,88,88,88,88,88,84,83,82,81,80,80,80,80,76,68,68,68,68,67,64,64,64,64,63,62,62,62,61,61,59,59,59,59,57,56,54,54,54,53,52
2024-06-08,122,122,122,122,122,122,119,116,115,113,112,111,111,108,107,107,107,101,101,101,101,101,100,100,96,95,94,93,93,93,93,93,93,93,93,93,93,93,93,93,93,93,93,93,92,91,91,91,87,87,87,87,84,84,84,83,83,80,80,74,74,73,72,70,64,61,58,58,58,58,58,58,57,57,57,53,53,53,53,53,49,39,32,32,32,32,31,31,31,31,31
2024-06-09,109,109,109,109,109,109,109,107,106,106,105,105,104,101,100,100,100,99,99,98,96,95,95,92,91,91,90,88,87,86,86,86,86,85,82,82,82,82,82,81,81,81,80,80,80,80,80,80,79,79,79,79,77,77,75,75,75,74,74,74,74,74,70,70,70,69,67,57,54,53,52,52,52,52,52,51,51,51,51,49,48,48,47,47,47,46,46,46,45,44,44
2024-06-10,70,70,70,70,70,70,70,70,68,67,67,67,67,67,63,63,63,62,62,62,61,60,60,60,59,59,57,56,55,54,53,53,52,52,52,50,50,49,49,47,44,44,43,43,41,40,40,40,39,35,35,34,34,34,34,34,34,33,33,33,30,30,30,30,30,30,28,28,20,20,20,20,20,19,19,19,16,16,16,15,15,15,15,15,15,15,15,15,15,15,15
2024-06-11,66,66,66,66,66,66,66,66,66,66,66,66,65,65,64,63,62,62,62,62,61,60,57,57,57,54,54,52,52,52,52,52,49,49,49,49,49,49,48,48,48,48,48,48,47,47,47,44,44,44,44,44,44,42,42,40,40,40,40,40,40,40,40,23,21,21,21,21,21,14,14,14,14,14,14,14,14,14,14,14,14,14,14,10,10,9,9,9,9,3,3
2024-06-12,46,46,46,46,46,46,46,46,46,46,45,45,45,45,45,45,44,44,44,44,43,43,43,41,39,39,38,38,37,35,35,35,33,32,31,31,30,28,28,27,27,27,25,25,25,25,25,25,25,25,25,25,25,25,25,25,25,25,25,25,25,25,25,25,25,25,25,25,25,25,25,25,25,25,25,25,25,25,25,24,24,24,24,24,24,6,6,6,5,5,0
2024-06-13,56,56,56,56,56,56,56,56,56,56,56,54,54,54,53,53,53,50,50,49,49,48,47,47,44,44,43,41,41,39,38,36,36,35,34,34,32,31,30,30,30,30,30,30,30,30,30,30,30,30,29,29,29,29,29,28,28,27,27,27,27,27,27,27,27,27,26,26,26,26,26,24,24,24,24,24,23,23,23,23,23,23,23,22,22,22,22,22,22,22,22
2024-06-14,96,96,96,96,96,96,96,96,96,96,96,96,96,96,95,95,95,95,89,88,88,86,84,84,84,84,84,83,83,81,80,80,80,79,79,79,79,79,79,79,79,79,79,79,79,79,79,79,79,74,73,71,71,71,70,69,69,69,69,67,67,67,67,67,67,67,67,67,67,67,67,66,66,66,66,63,63,63,58,58,57,55,54,54,54,54,54,52,52,52,52
2024-06-15,110,110,110,110,110,110,110,110,110,110,110,110,110,110,110,109,109,108,107,104,103,101,101,100,99,96,92,91,91,90,88,88,87,85,84,80,78,77,76,76,75,75,75,75,75,75,75,75,75,75,75,72,71,71,69,68,68,67,67,67,67,64,63,62,62,62,62,62,56,56,56,56,56,56,56,56,56,56,56,56,56,53,53,53,53,53,53,53,52,52,52
2024-06-16,114,114,114,114,114,114,114,114,114,114,114,114,114,114,113,110,110,110,110,109,109,109,107,105,105,105,105,101,101,100,99,99,99,96,94,92,88,88,85,82,81,81,81,80,80,80,80,80,80,80,80,80,79,79,79,79,77,75,73,73,65,64,61,58,58,58,58,58,53,51,50,50,50,49,49,49,47,47,47,46,46,46,41,41,33,33,33,31,31,29,28
2024-06-17,75,75,75,75,75,75,75,75,75,75,75,75,75,75,75,73,73,73,73,72,72,72,72,69,69,67,67,67,64,64,63,62,61,60,60,58,57,56,54,53,51,51,50,49,49,49,49,48,48,48,48,43,42,42,40,40,39,39,38,35,35,35,34,32,32,32,32,32,32,32,31,31,31,31,31,31,30,30,30,19,19,19,19,18,18,18,18,18,18,18,18
2024-06-18,65,65,65,65,65,65,65,65,65,65,65,65,65,65,65,65,65,65,65,65,65,65,65,65,65,65,65,65,65,65,63,63,63,63,63,63,63,57,57,57,53,53,53,53,53,53,53,52,52,52,51,51,51,51,51,51,51,51,51,51,51,51,51,51,51,51,51,51,51,51,51,48,48,48,48,48,48,48,48,48,48,48,48,48,46,46,46,42,42,42,42
2024-06-19,52,52,52,52,52,52,52,52,52,52,52,52,52,52,52,52,52,51,51,47,47,47,47,47,47,47,47,42,38,38,37,36,35,35,35,35,35,35,33,33,33,31,31,30,30,30,30,27,27,27,27,27,27,27,27,27,27,27,26,25,25,25,25,25,25,25,25,25,25,25,25,25,25,25,25,25,25,25,25,25,25,25,25,25,25,25,25,25,21,21,21
2024-06-20,79,79,79,79,79,79,79,79,79,79,79,79,79,79,79,79,79,79,78,77,77,74,74,73,73,73,73,73,73,71,68,65,64,63,59,57,56,56,54,49,48,48,45,45,45,44,44,43,43,43,42,42,41,41,40,40,40,40,40,39,38,38,37,37,37,37,37,37,37,36,36,36,34,34,34,34,34,34,34,34,34,34,34,34,34,33,33,33,32,27,27
2024-06-21,126,126,126,126,126,126,126,126,126,126,126,126,126,126,126,126,126,126,125,125,125,125,125,124,124,121,119,116,115,111,106,104,100,99,98,95,88,88,87,87,80,78,75,74,72,72,72,72,72,72,72,72,72,70,70,70,68,68,67,66,66,66,66,63,63,63,63,61,58,57,57,57,55,52,52,52,52,52,52,51,51,50,48,48,48,44,44,43,41,41,37
2024-06-22,110,110,110,110,110,110,110,110,110,110,110,110,110,110,110,110,110,110,110,110,108,105,104,103,103,103,103,102,100,99,97,96,91,80,80,80,79,78,73,73,70,69,67,67,67,65,65,64,63,62,62,62,62,62,61,61,60,60,59,59,58,58,55,55,54,54,54,54,54,54,54,54,54,54,54,54,54,54,54,54,54,54,53,53,53,53,53,53,52,50,49
2024-06-23,92,92,92,92,92,92,92,92,92,92,92,92,92,92,92,92,92,92,92,92,92,92,92,92,92,92,92,92,92,92,92,90,89,89,88,88,85,85,82,77,76,74,74,73,69,68,68,62,62,62,62,62,62,59,59,59,59,58,58,58,58,58,58,58,58,58,58,58,58,58,58,58,58,57,57,54,52,52,51,50,50,49,47,46,45,45,45,45,45,45,45
2024-06-24,71,71,71,71,71,71,71,71,71,71,71,71,71,71,71,71,71,71,71,71,71,71,68,68,68,66,64,63,57,57,57,56,56,55,55,54,54,53,51,50,49,49,49,49,49,49,48,47,47,47,47,46,46,45,45,45,44,44,44,44,43,42,42,41,40,40,40,40,40,40,40,39,39,39,39,39,39,39,39,39,39,38,38,38,38,35,34,33,33,33,33
2024-06-25,65,65,65,65,65,65,65,65,65,65,65,65,65,65,65,65,65,65,65,65,65,65,65,65,65,65,60,59,59,57,54,53,53,51,51,51,48,48,48,48,48,48,48,47,47,47,47,47,47,47,47,47,47,47,47,47,47,46,46,46,46,46,46,44,44,44,44,44,44,44,44,44,44,44,43,43,43,43,43,43,43,43,43,43,43,43,43,43,43,43,43
2024-06-26,87,87,87,87,87,87,87,87,87,87,87,87,87,87,87,87,87,87,87,87,87,87,87,87,86,85,85,83,83,82,82,80,80,80,77,77,77,77,77,74,70,70,70,69,62,62,62,62,62,60,60,60,60,60,60,60,60,60,59,59,59,57,57,57,57,57,57,57,53,51,51,50,50,50,50,47,39,39,39,35,35,35,35,35,35,35,33,33,33,33,33
2024-06-27,67,67,67,67,67,67,67,67,67,67,67,67,67,67,67,67,67,67,67,67,67,67,67,67,67,65,65,65,65,65,64,63,63,63,63,60,60,60,60,60,60,60,54,50,50,50,50,50,47,46,44,44,41,41,40,39,36,36,36,35,34,34,33,33,33,33,33,33,32,32,32,32,32,32,32,32,32,31,31,31,31,31,31,31,31,31,17,17,17,16,16
2024-06-28,75,75,75,75,75,75,75,75,75,75,75,75,75,75,75,75,75,75,75,75,75,75,75,75,75,75,75,75,75,75,75,75,72,72,72,72,68,68,68,67,66,66,64,64,63,60,58,58,58,58,57,56,55,54,54,54,54,54,54,54,54,54,54,54,54,54,54,54,54,54,54,54,54,54,54,54,54,54,54,54,54,54,54,53,53,52,52,52,51,48,48
2024-06-29,98,98,98,98,98,98,98,98,98,98,98,98,98,98,98,98,98,98,98,98,98,98,98,98,98,98,98,94,94,91,91,91,91,91,89,87,85,83,82,78,78,78,77,75,75,73,72,65,65,65,60,60,59,58,58,58,58,58,56,56,55,55,55,55,55,49,49,47,47,47,45,44,44,44,43,42,40,40,34,34,34,34,30,29,29,29,29,29,29,29,29
2024-06-30,60,60,60,60,60,60,60,60,60,60,60,60,60,60,60,60,60,60,60,60,60,60,60,60,60,60,60,59,59,57,55,54,54,54,52,51,50,49,48,48,48,44,44,44,44,43,43,43,42,41,41,41,41,41,41,41,41,41,41,41,41,41,41,41,41,39,38,34,33,33,32,31,31,31,31,29,29,29,29,29,29,28,28,27,27,27,26,26,26,26,26
2024-07-01,38,38,38,38,38,38,38,38,38,38,38,38,38,38,38,38,38,38,38,38,38,38,38,38,38,38,38,38,38,38,38,38,38,38,37,37,36,34,33,33,33,33,32,32,32,32,32,32,32,31,31,31,31,29,29,28,27,27,27,26,26,26,26,25,25,25,25,25,25,25,24,24,24,23,23,23,23,23,23,23,23,23,23,23,23,23,23,23,23,23,23
2024-07-02,41,41,41,41,41,41,41,41,41,41,41,41,41,41,41,41,41,41,41,41,41,41,41,41,41,41,41,41,41,41,41,41,41,41,40,39,39,38,38,37,36,36,36,27,27,27,27,27,27,26,26,26,26,26,25,25,24,24,24,24,24,24,24,24,24,24,24,24,24,24,24,24,24,24,24,24,24,24,24,24,23,23,23,23,23,22,22,22,21,21,21
2024-07-03,40,40,40,40,40,40,40,40,40,40,40,40,40,40,40,40,40,40,40,40,40,40,40,40,40,40,40,40,40,40,40,40,40,39,39,39,39,39,37,37,37,37,37,37,36,34,34,34,34,34,34,34,34,34,34,34,34,34,34,34,34,34,34,34,34,34,34,33,33,33,33,33,33,33,32,29,29,29,29,29,29,29,29,29,29,25,25,25,25,24,24
2024-07-04,48,48,48,48,48,48,48,48,48,48,48,48,48,48,48,48,48,48,48,48,48,48,48,48,48,48,48,48,48,48,48,48,46,45,45,45,45,45,45,45,45,44,44,43,43,43,43,43,43,43,43,42,42,42,42,42,42,41,41,40,40,39,39,39,39,39,38,38,38,38,38,37,37,37,32,31,31,31,29,29,29,29,29,27,27,27,27,27,27,27,26
2024-07-05,54,54,54,54,54,54,54,54,54,54,54,54,54,54,54,54,54,54,54,54,54,54,54,54,54,54,54,54,54,54,54,54,54,52,52,52,52,52,51,50,50,50,50,50,50,50,50,50,50,50,50,50,49,49,49,49,49,49,47,47,47,47,47,47,47,47,47,46,46,45,43,43,43,43,43,43,43,42,42,41,35,32,32,32,30,29,29,26,26,26,25
2024-07-06,89,89,89,89,89,89,89,89,89,89,89,89,89,89,89,89,89,89,89,89,89,89,89,89,89,89,89,89,89,89,89,89,89,89,88,88,88,88,85,84,75,75,75,74,74,74,74,69,69,69,69,69,69,67,67,65,62,62,56,53,51,50,50,49,49,49,48,48,48,48,48,48,48,48,48,48,48,48,48,48,48,42,42,42,41,35,29,28,28,28,25
2024-07-07,56,56,56,56,56,56,56,56,56,56,56,56,56,56,56,56,56,56,56,56,56,56,56,56,56,56,56,56,56,56,56,56,56,56,56,56,56,56,56,56,56,56,56,56,55,54,54,54,53,53,53,53,53,47,47,47,44,43,43,43,43,43,43,42,42,42,42,42,42,40,40,36,36,36,36,35,34,33,33,33,32,32,32,32,32,32,29,27,27,26,26
2024-07-08,25,25,25,25,25,25,25,25,25,25,25,25,25,25,25,25,25,25,25,25,25,25,25,25,25,25,25,25,25,25,25,25,25,25,25,25,24,24,24,24,24,24,24,24,24,24,24,24,24,24,24,24,24,24,24,24,24,24,24,24,24,24,24,24,24,23,22,22,22,22,20,20,20,20,20,18,18,16,16,16,16,16,16,16,12,12,12,11,11,11,11
2024-07-09,41,41,41,41,41,41,41,41,41,41,41,41,41,41,41,41,41,41,41,41,41,41,41,41,41,41,41,41,41,41,41,41,41,41,41,41,41,40,40,40,40,38,38,38,38,38,38,37,36,35,34,34,34,34,34,31,31,31,31,31,30,27,23,22,22,22,22,22,22,18,18,18,18,18,18,18,18,18,17,17,17,17,17,17,16,15,15,15,10,8,8
2024-07-10,40,40,40,40,40,40,40,40,40,40,40,40,40,40,40,40,40,40,40,40,40,40,40,40,40,40,40,40,40,40,40,40,40,40,40,40,40,40,40,40,40,40,40,40,39,39,39,36,34,34,34,34,34,34,34,34,31,31,31,31,31,31,31,30,28,27,27,27,27,27,22,22,22,22,22,22,22,22,22,22,22,22,22,22,22,21,21,21,21,21,21
2024-07-11,46,46,46,46,46,46,46,46,46,46,46,46,46,46,46,46,46,46,46,46,46,46,46,46,46,46,46,46,46,46,46,46,46,46,46,46,46,46,46,45,45,45,45,44,44,43,43,43,41,40,40,40,40,40,39,39,39,39,39,38,38,35,34,34,33,32,32,31,31,25,25,25,25,25,25,25,25,25,23,23,23,22,22,22,22,22,22,21,21,21,21
2024-07-12,85,85,85,85,85,85,85,85,85,85,85,85,85,85,85,85,85,85,85,85,85,85,85,85,85,85,85,85,85,85,85,85,85,85,85,85,85,85,85,85,85,85,85,85,84,84,83,80,80,79,79,79,79,77,76,74,73,73,70,67,67,67,66,64,61,61,61,61,61,61,61,61,61,61,61,61,61,61,60,59,59,58,57,57,57,57,56,56,54,54,53
2024-07-13,133,133,133,133,133,133,133,133,133,133,133,133,133,133,133,133,133,133,133,133,133,133,133,133,133,133,133,133,133,133,133,133,133,133,133,133,133,133,133,133,133,124,124,124,120,120,120,118,114,112,110,99,98,98,97,97,94,90,89,86,84,80,79,77,73,70,68,67,67,66,64,62,61,61,60,59,59,55,54,54,54,54,54,54,54,52,52,52,52,50,50
2024-07-14,88,88,88,88,88,88,88,88,88,88,88,88,88,88,88,88,88,88,88,88,88,88,88,88,88,88,88,88,88,88,88,88,88,88,88,88,88,88,88,88,88,88,85,84,84,83,83,83,81,79,78,77,76,74,71,68,66,64,63,63,63,62,60,60,56,54,48,47,47,47,47,47,47,41,38,36,36,34,34,34,34,33,33,33,33,32,32,32,32,32,32
2024-07-15,34,34,34,34,34,34,34,34,34,34,34,34,34,34,34,34,34,34,34,34,34,34,34,34,34,34,34,34,34,34,34,34,34,34,34,34,34,34,34,34,34,34,34,34,34,34,34,33,33,32,30,29,29,29,28,28,28,27,27,27,27,26,25,25,24,23,21,21,21,21,21,20,20,20,20,20,20,20,20,20,19,19,19,18,16,16,16,16,16,16,16
2024-07-16,18,18,18,18,18,18,18,18,18,18,18,18,18,18,18,18,18,18,18,18,18,18,18,18,18,18,18,18,18,18,18,18,18,18,18,18,18,18,18,18,18,18,18,18,18,18,15,15,14,14,13,12,12,12,11,10,10,9,9,9,8,8,8,7,7,6,6,5,5,5,5,5,5,5,5,4,4,4,4,4,3,3,3,3,3,3,3,3,2,2,2
2024-07-17,49,49,49,49,49,49,49,49,49,49,49,49,49,49,49,49,49,49,49,49,49,49,49,49,49,49,49,49,49,49,49,49,49,49,49,49,49,49,49,49,49,49,49,49,49,49,49,49,49,48,48,47,47,47,46,45,45,45,45,45,45,41,41,41,40,40,40,40,39,39,39,30,30,30,30,30,29,28,28,28,28,28,28,14,14,8,8,8,8,7,7
2024-07-18,47,47,47,47,47,47,47,47,47,47,47,47,47,47,47,47,47,47,47,47,47,47,47,47,47,47,47,47,47,47,47,47,47,47,47,47,47,47,47,47,47,47,47,47,47,47,47,47,47,47,47,47,47,47,46,46,46,46,45,45,44,44,43,41,41,41,41,35,35,35,35,35,35,35,35,34,34,34,34,34,33,33,32,31,31,30,30,30,30,30,30
2024-07-19,47,47,47,47,47,47,47,47,47,47,47,47,47,47,47,47,47,47,47,47,47,47,47,47,47,47,47,47,47,47,47,47,47,47,47,47,47,47,47,47,47,47,47,47,47,47,47,47,46,46,46,46,46,46,45,45,45,42,42,42,42,42,42,41,41,40,40,40,40,40,40,34,32,32,32,32,31,31,31,31,31,31,31,29,22,22,22,22,11,11,10
2024-07-20,29,29,29,29,29,29,29,29,29,29,29,29,29,29,29,29,29,29,29,29,29,29,29,29,29,29,29,29,29,29,29,29,29,29,29,29,29,29,29,29,29,29,29,29,29,29,29,29,29,29,29,29,29,29,29,29,29,28,27,27,24,23,23,23,23,21,21,20,20,20,19,19,19,17,17,17,17,17,17,17,17,17,16,15,15,14,14,14,14,13,13
2024-07-21,37,37,37,37,37,37,37,37,37,37,37,37,37,37,37,37,37,37,37,37,37,37,37,37,37,37,37,37,37,37,37,37,37,37,37,37,37,37,37,37,37,37,37,37,37,37,37,37,37,37,36,36,36,36,30,30,27,26,25,23,23,22,21,21,19,17,17,17,17,17,17,17,17,17,17,15,15,15,15,15,15,15,15,15,15,15,13,13,13,13,13
2024-07-22,34,34,34,34,34,34,34,34,34,34,34,34,34,34,34,34,34,34,34,34,34,34,34,34,34,34,34,34,34,34,34,34,34,34,34,34,34,34,34,34,34,34,34,34,34,34,34,34,34,34,33,33,33,32,32,29,28,28,27,27,27,27,27,27,27,27,27,27,27,27,27,27,27,27,24,24,21,21,21,21,21,20,17,17,17,16,16,16,16,15,15
2024-07-23,19,19,19,19,19,19,19,19,19,19,19,19,19,19,19,19,19,19,19,19,19,19,19,19,19,19,19,19,19,19,19,19,19,19,19,19,19,19,19,19,19,19,19,19,19,19,19,19,19,19,19,19,19,19,19,19,19,19,19,19,19,19,19,18,18,18,18,17,17,17,15,15,14,14,14,13,12,11,11,11,11,11,11,11,11,11,11,11,11,11,9
2024-07-24,21,21,21,21,21,21,21,21,21,21,21,21,21,21,21,21,21,21,21,21,21,21,21,21,21,21,21,21,21,21,21,21,21,21,21,21,21,21,21,21,21,21,21,21,21,21,21,21,21,21,21,21,21,21,21,21,20,20,20,20,20,20,20,19,19,19,19,19,17,16,16,16,16,15,15,14,13,13,13,13,13,13,12,12,11,11,11,11,11,11,11
2024-07-25,30,30,30,30,30,30,30,30,30,30,30,30,30,30,30,30,30,30,30,30,30,30,30,30,30,30,30,30,30,30,30,30,30,30,30,30,30,30,30,30,30,30,30,30,30,30,30,30,30,30,30,30,30,28,28,28,27,26,26,25,24,23,22,22,22,22,19,18,17,14,14,13,13,11,11,11,11,11,10,10,9,9,9,9,9,9,9,8,8,8,8
2024-07-26,61,61,61,61,61,61,61,61,61,61,61,61,61,61,61,61,61,61,61,61,61,61,61,61,61,61,61,61,61,61,61,61,61,61,61,61,61,61,61,61,61,61,61,61,61,61,61,61,61,61,61,61,61,61,61,61,61,61,61,61,58,56,55,52,49,49,48,48,48,46,45,44,43,41,41,41,41,41,41,41,41,41,41,41,41,41,41,41,41,38,34
2024-07-27,64,64,64,64,64,64,64,64,64,64,64,64,64,64,64,64,64,64,64,64,64,64,64,64,64,64,64,64,64,64,64,64,64,64,64,64,64,64,64,64,64,64,64,64,64,64,64,64,64,64,64,64,64,64,64,63,61,60,57,57,57,57,53,53,48,48,48,48,48,48,45,45,45,42,39,36,36,36,36,36,36,36,35,34,34,32,32,31,31,30,30
2024-07-28,56,56,56,56,56,56,56,56,56,56,56,56,56,56,56,56,56,56,56,56,56,56,56,56,56,56,56,56,56,56,56,56,56,56,56,56,56,56,56,56,56,56,56,56,56,56,56,56,56,56,56,56,56,56,56,54,51,48,48,47,45,45,45,45,45,43,42,42,42,42,41,38,38,38,38,34,34,34,33,30,30,29,28,27,24,24,24,24,24,23,23
2024-07-29,30,30,30,30,30,30,30,30,30,30,30,30,30,30,30,30,30,30,30,30,30,30,30,30,30,30,30,30,30,30,30,30,30,30,30,30,30,30,30,30,30,30,30,30,30,30,30,30,30,30,30,30,30,30,30,30,29,29,29,29,29,29,28,28,26,26,26,26,26,26,24,23,22,22,22,22,20,18,18,17,17,15,15,15,14,12,12,11,11,11,11
2024-07-30,31,31,31,31,31,31,31,31,31,31,31,31,31,31,31,31,31,31,31,31,31,31,31,31,31,31,31,31,31,31,31,31,31,31,31,31,31,31,31,31,31,31,31,31,31,31,31,31,31,31,31,31,31,31,31,31,31,31,31,31,31,30,30,28,28,28,28,26,25,25,24,24,24,22,21,20,20,19,18,18,17,17,17,17,17,17,15,15,14,13,13
2024-07-31,25,25,25,25,25,25,25,25,25,25,25,25,25,25,25,25,25,25,25,25,25,25,25,25,25,25,25,25,25,25,25,25,25,25,25,25,25,25,25,25,25,25,25,25,25,25,25,25,25,25,25,25,25,25,25,25,25,25,25,24,23,22,22,21,21,21,20,19,19,18,17,17,13,13,10,9,9,8,8,8,8,8,8,8,8,8,8,7,6,6,6
2024-08-01,26,26,26,26,26,26,26,26,26,26,26,26,26,26,26,26,26,26,26,26,26,26,26,26,26,26,26,26,26,26,26,26,26,26,26,26,26,26,26,26,26,26,26,26,26,26,26,26,26,26,26,26,26,26,26,26,26,26,26,26,26,26,26,26,26,26,25,24,22,22,21,21,21,21,21,20,19,19,16,16,16,16,16,15,12,11,10,10,7,7,7
2024-08-02,43,43,43,43,43,43,43,43,43,43,43,43,43,43,43,43,43,43,43,43,43,43,43,43,43,43,43,43,43,43,43,43,43,43,43,43,43,43,43,43,43,43,43,43,43,43,43,43,43,43,43,43,43,43,43,43,43,43,43,43,43,42,42,42,42,42,42,42,42,42,42,42,41,40,35,35,29,29,29,28,28,28,28,28,28,27,27,27,26,23,20
2024-08-03,39,39,39,39,39,39,39,39,39,39,39,39,39,39,39,39,39,39,39,39,39,39,39,39,39,39,39,39,39,39,39,39,39,39,39,39,39,39,39,39,39,39,39,39,39,39,39,39,39,39,39,39,39,39,39,39,39,39,39,39,39,39,39,38,38,36,36,36,36,36,36,36,35,35,34,31,31,31,31,31,31,29,29,29,29,29,29,29,28,25,23
2024-08-04,16,16,16,16,16,16,16,16,16,16,16,16,16,16,16,16,16,16,16,16,16,16,16,16,16,16,16,16,16,16,16,16,16,16,16,16,16,16,16,16,16,16,16,16,16,16,16,16,16,16,16,16,16,16,16,16,16,16,16,16,16,16,16,16,16,15,15,15,15,15,15,15,11,11,11,11,11,9,9,9,9,9,7,7,7,7,7,6,6,5,5
2024-08-05,21,21,21,21,21,21,21,21,21,21,21,21,21,21,21,21,21,21,21,21,21,21,21,21,21,21,21,21,21,21,21,21,21,21,21,21,21,21,21,21,21,21,21,21,21,21,21,21,21,21,21,21,21,21,21,21,21,21,21,21,21,21,21,21,21,21,21,21,21,21,21,21,20,20,20,19,18,18,18,18,18,18,17,15,15,15,15,15,14,13,11
2024-08-06,23,23,23,23,23,23,23,23,23,23,23,23,23,23,23,23,23,23,23,23,23,23,23,23,23,23,23,23,23,23,23,23,23,23,23,23,23,23,23,23,23,23,23,23,23,23,23,23,23,23,23,23,23,23,23,23,23,23,23,23,23,23,23,23,22,19,19,19,19,19,19,19,19,19,18,18,17,17,16,15,15,15,15,15,15,15,15,15,15,15,15
2024-08-07,23,23,23,23,23,23,23,23,23,23,23,23,23,23,23,23,23,23,23,23,23,23,23,23,23,23,23,23,23,23,23,23,23,23,23,23,23,23,23,23,23,23,23,23,23,23,23,23,23,23,23,23,23,23,23,23,23,23,23,23,23,23,23,23,23,23,23,23,23,22,21,21,21,21,21,20,20,20,19,16,16,16,16,16,16,16,16,16,16,15,14
2024-08-08,42,42,42,42,42,42,42,42,42,42,42,42,42,42,42,42,42,42,42,42,42,42,42,42,42,42,42,42,42,42,42,42,42,42,42,42,42,42,42,42,42,42,42,42,42,42,42,42,42,42,42,42,42,42,42,42,42,42,42,42,42,42,42,42,42,42,42,42,42,42,42,42,41,41,41,40,40,40,39,39,37,37,37,34,34,34,34,34,34,34,32
2024-08-09,28,28,28,28,28,28,28,28,28,28,28,28,28,28,28,28,28,28,28,28,28,28,28,28,28,28,28,28,28,28,28,28,28,28,28,28,28,28,28,28,28,28,28,28,28,28,28,28,28,28,28,28,28,28,28,28,28,28,28,28,28,28,28,28,28,28,28,28,27,27,27,26,26,24,23,23,21,21,21,21,20,19,19,19,19,19,19,19,18,17,16
2024-08-10,53,53,53,53,53,53,53,53,53,53,53,53,53,53,53,53,53,53,53,53,53,53,53,53,53,53,53,53,53,53,53,53,53,53,53,53,53,53,53,53,53,53,53,53,53,53,53,53,53,53,53,53,53,53,53,53,53,53,53,53,53,53,53,53,53,53,53,53,53,51,51,51,50,49,49,49,49,48,48,48,48,48,48,48,48,48,48,47,47,47,46
2024-08-11,79,79,79,79,79,79,79,79,79,79,79,79,79,79,79,79,79,79,79,79,79,79,79,79,79,79,79,79,79,79,79,79,79,79,79,79,79,79,79,79,79,79,79,79,79,79,79,79,79,79,79,79,79,79,79,79,79,79,79,79,79,79,79,79,79,79,79,79,79,79,75,75,75,73,68,68,68,67,67,66,65,65,65,64,64,58,58,55,55,55,55
2024-08-12,62,62,62,62,62,62,62,62,62,62,62,62,62,62,62,62,62,62,62,62,62,62,62,62,62,62,62,62,62,62,62,62,62,62,62,62,62,62,62,62,62,62,62,62,62,62,62,62,62,62,62,62,62,62,62,62,62,62,62,62,62,62,62,62,62,62,62,62,62,62,62,59,57,56,54,53,53,53,51,50,50,50,50,50,49,48,47,47,46,45,42
2024-08-13,41,41,41,41,41,41,41,41,41,41,41,41,41,41,41,41,41,41,41,41,41,41,41,41,41,41,41,41,41,41,41,41,41,41,41,41,41,41,41,41,41,41,41,41,41,41,41,41,41,41,41,41,41,41,41,41,41,41,41,41,41,41,41,41,41,41,41,41,41,41,41,41,38,38,38,38,38,37,37,36,36,33,33,33,30,29,29,29,24,23,23
2024-08-14,32,32,32,32,32,32,32,32,32,32,32,32,32,32,32,32,32,32,32,32,32,32,32,32,32,32,32,32,32,32,32,32,32,32,32,32,32,32,32,32,32,32,32,32,32,32,32,32,32,32,32,32,32,32,32,32,32,32,32,32,32,32,32,32,32,32,32,32,32,32,32,32,32,32,32,32,32,32,32,32,32,32,32,32,32,31,27,27,25,25,25
2024-08-15,24,24,24,24,24,24,24,24,24,24,24,24,24,24,24,24,24,24,24,24,24,24,24,24,24,24,24,24,24,24,24,24,24,24,24,24,24,24,24,24,24,24,24,24,24,24,24,24,24,24,24,24,24,24,24,24,24,24,24,24,24,24,24,24,24,24,24,24,24,24,24,24,24,24,23,22,22,22,22,22,20,20,20,20,18,18,18,18,18,18,18
2024-08-16,45,45,45,45,45,45,45,45,45,45,45,45,45,45,45,45,45,45,45,45,45,45,45,45,45,45,45,45,45,45,45,45,45,45,45,45,45,45,45,45,45,45,45,45,45,45,45,45,45,45,45,45,45,45,45,45,45,45,45,45,45,45,45,45,45,45,45,45,45,45,45,45,45,45,45,44,44,44,44,44,43,43,40,40,40,40,39,39,39,39,39
2024-08-17,27,27,27,27,27,27,27,27,27,27,27,27,27,27,27,27,27,27,27,27,27,27,27,27,27,27,27,27,27,27,27,27,27,27,27,27,27,27,27,27,27,27,27,27,27,27,27,27,27,27,27,27,27,27,27,27,27,27,27,27,27,27,27,27,27,27,27,27,27,27,27,27,27,27,27,27,27,27,27,27,27,27,27,27,27,27,27,27,26,22,22
2024-08-18,26,26,26,26,26,26,26,26,26,26,26,26,26,26,26,26,26,26,26,26,26,26,26,26,26,26,26,26,26,26,26,26,26,26,26,26,26,26,26,26,26,26,26,26,26,26,26,26,26,26,26,26,26,26,26,26,26,26,26,26,26,26,26,26,26,26,26,26,26,26,26,26,26,26,26,26,26,24,23,23,22,22,21,20,20,17,17,17,17,17,16
2024-08-19,18,18,18,18,18,18,18,18,18,18,18,18,18,18,18,18,18,18,18,18,18,18,18,18,18,18,18,18,18,18,18,18,18,18,18,18,18,18,18,18,18,18,18,18,18,18,18,18,18,18,18,18,18,18,18,18,18,18,18,18,18,18,18,18,18,18,18,18,18,18,18,18,18,18,18,18,18,18,18,18,18,18,18,17,17,17,17,16,16,16,16
2024-08-20,20,20,20,20,20,20,20,20,20,20,20,20,20,20,20,20,20,20,20,20,20,20,20,20,20,20,20,20,20,20,20,20,20,20,20,20,20,20,20,20,20,20,20,20,20,20,20,20,20,20,20,20,20,20,20,20,20,20,20,20,20,20,20,20,20,20,20,20,20,20,20,20,20,20,20,20,20,20,20,20,18,18,18,18,17,16,16,16,16,16,16
2024-08-21,14,14,14,14,14,14,14,14,14,14,14,14,14,14,14,14,14,14,14,14,14,14,14,14,14,14,14,14,14,14,14,14,14,14,14,14,14,14,14,14,14,14,14,14,14,14,14,14,14,14,14,14,14,14,14,14,14,14,14,14,14,14,14,14,14,14,14,14,14,14,14,14,14,14,14,14,14,14,14,14,14,14,14,14,14,14,14,14,14,12,12
2024-08-22,21,21,21,21,21,21,21,21,21,21,21,21,21,21,21,21,21,21,21,21,21,21,21,21,21,21,21,21,21,21,21,21,21,21,21,21,21,21,21,21,21,21,21,21,21,21,21,21,21,21,21,21,21,21,21,21,21,21,21,21,21,21,21,21,21,21,21,21,21,21,21,21,21,21,21,21,21,21,21,21,21,19,19,19,18,18,16,16,16,15,14
2024-08-23,24,24,24,24,24,24,24,24,24,24,24,24,24,24,24,24,24,24,24,24,24,24,24,24,24,24,24,24,24,24,24,24,24,24,24,24,24,24,24,24,24,24,24,24,24,24,24,24,24,24,24,24,24,24,24,24,24,24,24,24,24,24,24,24,24,24,24,24,24,24,24,24,24,24,24,24,24,24,24,24,24,24,24,24,24,23,23,22,22,19,18
2024-08-24,18,18,18,18,18,18,18,18,18,18,18,18,18,18,18,18,18,18,18,18,18,18,18,18,18,18,18,18,18,18,18,18,18,18,18,18,18,18,18,18,18,18,18,18,18,18,18,18,18,18,18,18,18,18,18,18,18,18,18,18,18,18,18,18,18,18,18,18,18,18,18,18,18,18,18,18,18,18,18,18,18,18,18,18,18,18,18,18,18,18,18
2024-08-25,20,20,20,20,20,20,20,20,20,20,20,20,20,20,20,20,20,20,20,20,20,20,20,20,20,20,20,20,20,20,20,20,20,20,20,20,20,20,20,20,20,20,20,20,20,20,20,20,20,20,20,20,20,20,20,20,20,20,20,20,20,20,20,20,20,20,20,20,20,20,20,20,20,20,20,20,20,20,20,20,20,20,20,20,20,17,16,16,16,16,16
2024-08-26,50,50,50,50,50,50,50,50,50,50,50,50,50,50,50,50,50,50,50,50,50,50,50,50,50,50,50,50,50,50,50,50,50,50,50,50,50,50,50,50,50,50,50,50,50,50,50,50,50,50,50,50,50,50,50,50,50,50,50,50,50,50,50,50,50,50,50,50,50,50,50,50,50,50,50,50,50,50,50,50,50,50,50,50,50,50,50,50,50,50,50
2024-08-27,11,11,11,11,11,11,11,11,11,11,11,11,11,11,11,11,11,11,11,11,11,11,11,11,11,11,11,11,11,11,11,11,11,11,11,11,11,11,11,11,11,11,11,11,11,11,11,11,11,11,11,11,11,11,11,11,11,11,11,11,11,11,11,11,11,11,11,11,11,11,11,11,11,11,11,11,11,11,11,11,11,11,11,11,11,11,10,10,10,10,10
2024-08-28,1,1,1,1,1,1,1,1,1,1,1,1,1,1,1,1,1,1,1,1,1,1,1,1,1,1,1,1,1,1,1,1,1,1,1,1,1,1,1,1,1,1,1,1,1,1,1,1,1,1,1,1,1,1,1,1,1,1,1,1,1,1,1,1,1,1,1,1,1,1,1,1,1,1,1,1,1,1,1,1,1,1,1,1,1,1,1,0,0,0,0
2024-08-29,10,10,10,10,10,10,10,10,10,10,10,10,10,10,10,10,10,10,10,10,10,10,10,10,10,10,10,10,10,10,10,10,10,10,10,10,10,10,10,10,10,10,10,10,10,10,10,10,10,10,10,10,10,10,10,10,10,10,10,10,10,10,10,10,10,10,10,10,10,10,10,10,10,10,10,10,10,10,10,10,10,10,10,10,10,10,10,10,9,8,8
2024-08-30,6,6,6,6,6,6,6,6,6,6,6,6,6,6,6,6,6,6,6,6,6,6,6,6,6,6,6,6,6,6,6,6,6,6,6,6,6,6,6,6,6,6,6,6,6,6,6,6,6,6,6,6,6,6,6,6,6,6,6,6,6,6,6,6,6,6,6,6,6,6,6,6,6,6,6,6,6,6,6,6,6,6,6,6,6,6,6,6,6,4,4
2024-08-31,21,21,21,21,21,21,21,21,21,21,21,21,21,21,21,21,21,21,21,21,21,21,21,21,21,21,21,21,21,21,21,21,21,21,21,21,21,21,21,21,21,21,21,21,21,21,21,21,21,21,21,21,21,21,21,21,21,21,21,21,21,21,21,21,21,21,21,21,21,21,21,21,21,21,21,21,21,21,21,21,21,21,21,21,21,21,21,21,21,21,21
2024-09-01,4,4,4,4,4,4,4,4,4,4,4,4,4,4,4,4,4,4,4,4,4,4,4,4,4,4,4,4,4,4,4,4,4,4,4,4,4,4,4,4,4,4,4,4,4,4,4,4,4,4,4,4,4,4,4,4,4,4,4,4,4,4,4,4,4,4,4,4,4,4,4,4,4,4,4,4,4,4,4,4,4,4,4,4,4,4,4,4,4,4,4
2024-09-02,0,0,0,0,0,0,0,0,0,0,0,0,0,0,0,0,0,0,0,0,0,0,0,0,0,0,0,0,0,0,0,0,0,0,0,0,0,0,0,0,0,0,0,0,0,0,0,0,0,0,0,0,0,0,0,0,0,0,0,0,0,0,0,0,0,0,0,0,0,0,0,0,0,0,0,0,0,0,0,0,0,0,0,0,0,0,0,0,0,0,0
2024-09-03,0,0,0,0,0,0,0,0,0,0,0,0,0,0,0,0,0,0,0,0,0,0,0,0,0,0,0,0,0,0,0,0,0,0,0,0,0,0,0,0,0,0,0,0,0,0,0,0,0,0,0,0,0,0,0,0,0,0,0,0,0,0,0,0,0,0,0,0,0,0,0,0,0,0,0,0,0,0,0,0,0,0,0,0,0,0,0,0,0,0,0
